{"type": "FeatureCollection", "features": [{"type": "Feature", "properties": {"ID": "156", "Country": "Algeria", "Basin_Sub_": "Chelif", "Group": "N/A", "Formation": "N/A", "Member": "N/A", "Well name/ outcrop": "Djara mountains", "Latitude": "32.81", "Longitude": "-0.241", "Dating evidence": "N/A", "REF(Authors, Year)": "Azil& Ait Ouali, 2017", "Show_on_Ma": "120", "Lithology, structures, paleowind": "Claystones, locally gypsum-rich, evaporitic clay, gypsum crusts; clay-dominated interval", "Paleoenvironment": "Coastal: restricted and evaporitic lagoon", "REF (Authors, Year)": "Azil& Ait Ouali, 2017", "Fossil occurrences": "N/A", "REF (Authors, Year)_1": "N/A", "Geochemistry data": "N/A", "REF (Authors, Year)_2": "N/A", "Sediment-based climate inference (hot/cold, humid/semi-arid/desert)": "Dry", "Fossil-based climate inference (hot/cold, humid/semi-arid/desert)": "N/A", "Geochemistry-based climate inference  (hot/cold, humid/semi-arid/desert)": "N/A", "Climate assignment leading evidence": "Gypsum and evaporitic crusts", "Climate_Cl": "D", "Weight": "3", "PlateID": "718", "Sediment-based climate inference (hot/cold, humid/S/desert)": null, "Fossil-based climate inference (hot/cold, humid/S/desert)": null, "Geochemistry-based climate inference  (hot/cold, humid/S/desert)": null, "PaleozonaCodigo": null, "layer": "120.00Ma_point", "path": "C:/Users/Leonardo Bachi/OneDrive/Desktop/ITT_OCEANEON/20_SETEMBRO_TABELA_FINAL/PONTOS_RETIFICADOS/120.00Ma.geojson", "winner": "H", "cluster_size": 7}, "geometry": {"type": "Point", "coordinates": [-3.772297344534826, 7.4849320712747]}}, {"type": "Feature", "properties": {"ID": "165", "Country": "Algeria", "Basin_Sub_": "Chelif", "Group": "N/A", "Formation": "N/A", "Member": "N/A", "Well name/ outcrop": "Bou Lherfad mountains", "Latitude": "32.878", "Longitude": "-0.0387", "Dating evidence": "N/A", "REF(Authors, Year)": "Azil& Ait Ouali, 2017", "Show_on_Ma": "120", "Lithology, structures, paleowind": "Claystones, locally gypsum-rich, evaporitic clay, gypsum crusts; clay-dominated interval", "Paleoenvironment": "Coastal: restricted and evaporitic lagoon", "REF (Authors, Year)": "Azil& Ait Ouali, 2017", "Fossil occurrences": "N/A", "REF (Authors, Year)_1": "N/A", "Geochemistry data": "N/A", "REF (Authors, Year)_2": "N/A", "Sediment-based climate inference (hot/cold, humid/semi-arid/desert)": "Dry", "Fossil-based climate inference (hot/cold, humid/semi-arid/desert)": "N/A", "Geochemistry-based climate inference  (hot/cold, humid/semi-arid/desert)": "N/A", "Climate assignment leading evidence": "Gypsum and evaporitic crusts", "Climate_Cl": "D", "Weight": "3", "PlateID": "714", "Sediment-based climate inference (hot/cold, humid/S/desert)": null, "Fossil-based climate inference (hot/cold, humid/S/desert)": null, "Geochemistry-based climate inference  (hot/cold, humid/S/desert)": null, "PaleozonaCodigo": null, "layer": "120.00Ma_point", "path": "C:/Users/Leonardo Bachi/OneDrive/Desktop/ITT_OCEANEON/20_SETEMBRO_TABELA_FINAL/PONTOS_RETIFICADOS/120.00Ma.geojson", "winner": "H", "cluster_size": 7}, "geometry": {"type": "Point", "coordinates": [-3.588247230068783, 7.470424356858595]}}, {"type": "Feature", "properties": {"ID": "174", "Country": "Algeria", "Basin_Sub_": "Chelif", "Group": "N/A", "Formation": "N/A", "Member": "N/A", "Well name/ outcrop": "El Missitir mountains", "Latitude": "32.526", "Longitude": "-0.094", "Dating evidence": "N/A", "REF(Authors, Year)": "Azil& Ait Ouali, 2017", "Show_on_Ma": "120", "Lithology, structures, paleowind": "Claystones, locally gypsum-rich, evaporitic clay, gypsum crusts; clay-dominated interval", "Paleoenvironment": "Coastal: restricted and evaporitic lagoon", "REF (Authors, Year)": "Azil& Ait Ouali, 2017", "Fossil occurrences": "N/A", "REF (Authors, Year)_1": "N/A", "Geochemistry data": "N/A", "REF (Authors, Year)_2": "N/A", "Sediment-based climate inference (hot/cold, humid/semi-arid/desert)": "Dry", "Fossil-based climate inference (hot/cold, humid/semi-arid/desert)": "N/A", "Geochemistry-based climate inference  (hot/cold, humid/semi-arid/desert)": "N/A", "Climate assignment leading evidence": "Gypsum and evaporitic crusts", "Climate_Cl": "D", "Weight": "3", "PlateID": "714", "Sediment-based climate inference (hot/cold, humid/S/desert)": null, "Fossil-based climate inference (hot/cold, humid/S/desert)": null, "Geochemistry-based climate inference  (hot/cold, humid/S/desert)": null, "PaleozonaCodigo": null, "layer": "120.00Ma_point", "path": "C:/Users/Leonardo Bachi/OneDrive/Desktop/ITT_OCEANEON/20_SETEMBRO_TABELA_FINAL/PONTOS_RETIFICADOS/120.00Ma.geojson", "winner": "H", "cluster_size": 7}, "geometry": {"type": "Point", "coordinates": [-3.787606372003758, 7.175515599006401]}}, {"type": "Feature", "properties": {"ID": "304", "Country": "Argentina", "Basin_Sub_": "Neuquén", "Group": "Bajada del Agrio", "Formation": "Huitr?", "Member": "La Tosca", "Well name/ outcrop": "Ranquil 1", "Latitude": "-36.61", "Longitude": "-69.762", "Dating evidence": "biostratigraphy (ammonoids)", "REF(Authors, Year)": "Lazo and Damborenea, 2011", "Show_on_Ma": "120", "Lithology, structures, paleowind": "Wackstones, packstones, shales", "Paleoenvironment": "Marine: middle to outeer carbonate ramp", "REF (Authors, Year)": "Lazo and Damborenea, 2011", "Fossil occurrences": "Bivalves*; nannofossils and benthic foraminifera**", "REF (Authors, Year)_1": "Lazo and  Damborenea, 2011*; Lescano et al., 2021**", "Geochemistry data": null, "REF (Authors, Year)_2": null, "Sediment-based climate inference (hot/cold, humid/semi-arid/desert)": "semi-arid", "Fossil-based climate inference (hot/cold, humid/semi-arid/desert)": null, "Geochemistry-based climate inference  (hot/cold, humid/semi-arid/desert)": null, "Climate assignment leading evidence": "lithology", "Climate_Cl": "S", "Weight": "2", "PlateID": "2901", "Sediment-based climate inference (hot/cold, humid/S/desert)": null, "Fossil-based climate inference (hot/cold, humid/S/desert)": null, "Geochemistry-based climate inference  (hot/cold, humid/S/desert)": null, "PaleozonaCodigo": null, "layer": "120.00Ma_point", "path": "C:/Users/Leonardo Bachi/OneDrive/Desktop/ITT_OCEANEON/20_SETEMBRO_TABELA_FINAL/PONTOS_RETIFICADOS/120.00Ma.geojson", "winner": "D", "cluster_size": 3}, "geometry": {"type": "Point", "coordinates": [-50.34087488854492, -50.42328056782089]}}, {"type": "Feature", "properties": {"ID": "372", "Country": "Argentina", "Basin_Sub_": "Rawson", "Group": " ", "Formation": "Syn-rift sequence III", "Member": null, "Well name/ outcrop": "Ayra x-1 well", "Latitude": "-42.17", "Longitude": "-60.83", "Dating evidence": "Seismic correlations; Authigenic illite radiometric ages: 109 ?18 Ma", "REF(Authors, Year)": "Continanzia et al., 2011", "Show_on_Ma": "120", "Lithology, structures, paleowind": "Reddish to brownish sandstones and mudstones; red beds", "Paleoenvironment": "Arid fluvial; alluvial fans; floodplains", "REF (Authors, Year)": "Continanzia et al., 2011", "Fossil occurrences": null, "REF (Authors, Year)_1": null, "Geochemistry data": null, "REF (Authors, Year)_2": null, "Sediment-based climate inference (hot/cold, humid/semi-arid/desert)": "Arid", "Fossil-based climate inference (hot/cold, humid/semi-arid/desert)": null, "Geochemistry-based climate inference  (hot/cold, humid/semi-arid/desert)": null, "Climate assignment leading evidence": "Arid fluvial deposits", "Climate_Cl": "D", "Weight": "2", "PlateID": "283", "Sediment-based climate inference (hot/cold, humid/S/desert)": null, "Fossil-based climate inference (hot/cold, humid/S/desert)": null, "Geochemistry-based climate inference  (hot/cold, humid/S/desert)": null, "PaleozonaCodigo": null, "layer": "120.00Ma_point", "path": "C:/Users/Leonardo Bachi/OneDrive/Desktop/ITT_OCEANEON/20_SETEMBRO_TABELA_FINAL/PONTOS_RETIFICADOS/120.00Ma.geojson", "winner": "S", "cluster_size": 4}, "geometry": {"type": "Point", "coordinates": [-39.90404236674426, -56.77791784048937]}}, {"type": "Feature", "properties": {"ID": "652", "Country": "Brazil", "Basin_Sub_": "Camamu/Almada", "Group": "Camamu", "Formation": "Taipus-Mirim", "Member": "ItacaréN/A", "Well name/ outcrop": null, "Latitude": "-13.83", "Longitude": "-38.5", "Dating evidence": "Palynology", "REF(Authors, Year)": "Caixeta et al. 2007; Gontijo et al. 2007", "Show_on_Ma": "120", "Lithology, structures, paleowind": "Claystones (Lower Aptian); Sandstones, conglomerates, shales (Upper Aptian)", "Paleoenvironment": "Alluvial fan/ lacustrine/ fluvial/deltaic", "REF (Authors, Year)": "Caixeta et al. 2007; Gontijo et al. 2007", "Fossil occurrences": "N/A", "REF (Authors, Year)_1": "N/A", "Geochemistry data": "N/A", "REF (Authors, Year)_2": "N/A", "Sediment-based climate inference (hot/cold, humid/semi-arid/desert)": "Semi-arid?", "Fossil-based climate inference (hot/cold, humid/semi-arid/desert)": "N/A", "Geochemistry-based climate inference  (hot/cold, humid/semi-arid/desert)": "N/A", "Climate assignment leading evidence": "Lithology", "Climate_Cl": "S", "Weight": "1", "PlateID": "201", "Sediment-based climate inference (hot/cold, humid/S/desert)": null, "Fossil-based climate inference (hot/cold, humid/S/desert)": null, "Geochemistry-based climate inference  (hot/cold, humid/S/desert)": null, "PaleozonaCodigo": null, "layer": "120.00Ma_point", "path": "C:/Users/Leonardo Bachi/OneDrive/Desktop/ITT_OCEANEON/20_SETEMBRO_TABELA_FINAL/PONTOS_RETIFICADOS/120.00Ma.geojson", "winner": "H", "cluster_size": 7}, "geometry": {"type": "Point", "coordinates": [-12.222910178351455, -28.57140808011455]}}, {"type": "Feature", "properties": {"ID": "529", "Country": "Brazil", "Basin_Sub_": "Araripe", "Group": "Santana", "Formation": "Barbalha", "Member": "N/A", "Well name/ outcrop": "Well 2-AR-SR-1A-CE", "Latitude": "-7.29", "Longitude": "-39.39", "Dating evidence": "Stratigraphic relationships - regional Batateiras Layer; Biostratigraphy: planktonic foraminifera (Leupoldina cabri global zone)", "REF(Authors, Year)": "Assine et al., 2014; Fauth et al., 2023", "Show_on_Ma": "120", "Lithology, structures, paleowind": "Claystones, siltstones and very fine sand, sometimes laminated and rippled, with rare flame structures", "Paleoenvironment": "Estuarine, flooded fluvial (anastomosed), floodplains, lacustrine", "REF (Authors, Year)": "Vallejo et al., 2025", "Fossil occurrences": "Plants: Cheirolepidiaceae and Araucariaceae; Sergipea variverrucata, Classopollis classoides, Araucariacites australis, Leptolepidites verrucatus, Afropollis jardinus, Stellatopollis dubius, Ischyosporites foveolatus,\nCicatricosisporites avnimelechi, Singhia punctata, Paludites mamelonatus, Gnetaceaepollenites retangularis, Gnetaceaepollenites jansonii, Pennipollis reticulatus, Trisectoris reticulatus, Stellatopollis araripensis, Cicatricosisporites brevilaesuratus, Complicatisaccus cearensis; Foraminifera: Favusella hoterivica, Leupoldina and Globigerinelloides", "REF (Authors, Year)_1": "Vallejo et al., 2025", "Geochemistry data": "N/A", "REF (Authors, Year)_2": "N/A", "Sediment-based climate inference (hot/cold, humid/semi-arid/desert)": "Semi-arid", "Fossil-based climate inference (hot/cold, humid/semi-arid/desert)": "Hot, seasonally humid", "Geochemistry-based climate inference  (hot/cold, humid/semi-arid/desert)": "N/A", "Climate assignment leading evidence": "Palynomorph assemblage", "Climate_Cl": "S", "Weight": "4", "PlateID": "201", "Sediment-based climate inference (hot/cold, humid/S/desert)": null, "Fossil-based climate inference (hot/cold, humid/S/desert)": null, "Geochemistry-based climate inference  (hot/cold, humid/S/desert)": null, "PaleozonaCodigo": null, "layer": "120.00Ma_point", "path": "C:/Users/Leonardo Bachi/OneDrive/Desktop/ITT_OCEANEON/20_SETEMBRO_TABELA_FINAL/PONTOS_RETIFICADOS/120.00Ma.geojson", "winner": "D", "cluster_size": 20}, "geometry": {"type": "Point", "coordinates": [-13.558847653737478, -22.08444478809743]}}, {"type": "Feature", "properties": {"ID": "531", "Country": "Brazil", "Basin_Sub_": "Araripe", "Group": "Santana", "Formation": "Barbalha", "Member": "N/A", "Well name/ outcrop": "General location", "Latitude": "-7.5", "Longitude": "-39.5", "Dating evidence": "Stratigraphic relationships - regional Batateiras Layer; Biostratigraphy: planktonic foraminifera (Leupoldina cabri global zone)", "REF(Authors, Year)": "Assine et al., 2014; Fauth et al., 2023", "Show_on_Ma": "120", "Lithology, structures, paleowind": "Sandstones, associated shales and carbonates (Batateiras Layer) ", "Paleoenvironment": "Fluvial (anastomosed), floodplains, lacustrine", "REF (Authors, Year)": "Assine et al., 2007", "Fossil occurrences": "Palynomorphs (Inaperturopollenites turbatus, Reyrea polimorphus, Sergipea varriverrucata, Cicatricosisporites microstriatus, Matonisporites silvai, Gnetaceaepollenites oreadis, Gnetaceaepollenites barghoornii, etc.)", "REF (Authors, Year)_1": "Lima & Perinotto, 1984", "Geochemistry data": "N/A", "REF (Authors, Year)_2": "N/A", "Sediment-based climate inference (hot/cold, humid/semi-arid/desert)": "Dry? - semiarid", "Fossil-based climate inference (hot/cold, humid/semi-arid/desert)": "Dry, hot , semiarid", "Geochemistry-based climate inference  (hot/cold, humid/semi-arid/desert)": "N/A", "Climate assignment leading evidence": "Fluvial (anastomosed) and lacustrine paleoenvironments, floodplains, palynomorph assemblage", "Climate_Cl": "S", "Weight": "4", "PlateID": "201", "Sediment-based climate inference (hot/cold, humid/S/desert)": null, "Fossil-based climate inference (hot/cold, humid/S/desert)": null, "Geochemistry-based climate inference  (hot/cold, humid/S/desert)": null, "PaleozonaCodigo": null, "layer": "120.00Ma_point", "path": "C:/Users/Leonardo Bachi/OneDrive/Desktop/ITT_OCEANEON/20_SETEMBRO_TABELA_FINAL/PONTOS_RETIFICADOS/120.00Ma.geojson", "winner": "D", "cluster_size": 20}, "geometry": {"type": "Point", "coordinates": [-13.665809133646427, -22.299365681279802]}}, {"type": "Feature", "properties": {"ID": "569", "Country": "Brazil", "Basin_Sub_": "Araripe", "Group": "Santana", "Formation": "Ipubi", "Member": "N/A", "Well name/ outcrop": "General location", "Latitude": "-7.5", "Longitude": "-39.5", "Dating evidence": "Radiometric age: Re/Os - 123 ?3.5 Ma", "REF(Authors, Year)": "Lucio et al., 2020", "Show_on_Ma": "120", "Lithology, structures, paleowind": "Evaporites (gypsum, lenticular bodies) and marly shale", "Paleoenvironment": "Coastal/lacustrine, anoxic, hypersaline; playa-lake", "REF (Authors, Year)": "Assine et al., 2007", "Fossil occurrences": "Palynomorphs - Afropollis, Araucariacites, Classopollis, Equisetosporites, Gnetaceaepollenites", "REF (Authors, Year)_1": "Goldberg et al., 2019", "Geochemistry data": "N/A", "REF (Authors, Year)_2": "N/A", "Sediment-based climate inference (hot/cold, humid/semi-arid/desert)": "Dry, hot", "Fossil-based climate inference (hot/cold, humid/semi-arid/desert)": "Dry, hot", "Geochemistry-based climate inference  (hot/cold, humid/semi-arid/desert)": "N/A", "Climate assignment leading evidence": "Playa-lakes, palynomorph assemblage", "Climate_Cl": "S", "Weight": "6", "PlateID": "201", "Sediment-based climate inference (hot/cold, humid/S/desert)": null, "Fossil-based climate inference (hot/cold, humid/S/desert)": null, "Geochemistry-based climate inference  (hot/cold, humid/S/desert)": null, "PaleozonaCodigo": null, "layer": "120.00Ma_point", "path": "C:/Users/Leonardo Bachi/OneDrive/Desktop/ITT_OCEANEON/20_SETEMBRO_TABELA_FINAL/PONTOS_RETIFICADOS/120.00Ma.geojson", "winner": "D", "cluster_size": 20}, "geometry": {"type": "Point", "coordinates": [-13.665809133646427, -22.299365681279802]}}, {"type": "Feature", "properties": {"ID": "1333", "Country": "Brazil", "Basin_Sub_": "Rio do Peixe", "Group": "Sousa, Brejo das Freiras", "Formation": "Antenor Navarro, Sousa, Rio Piranhas", "Member": null, "Well name/ outcrop": "Core Lagoa do Forno", "Latitude": "-6.87", "Longitude": "-38.130559", "Dating evidence": "Palynomorphs", "REF(Authors, Year)": "Lima and Coelho (1987)", "Show_on_Ma": "120", "Lithology, structures, paleowind": "Sandstones (Antenor Navarro), Shales and carbonates (Sousa), Coarse sandstones (Rio Piranhas)", "Paleoenvironment": "Continental", "REF (Authors, Year)": "Lima and Coelho (1987)", "Fossil occurrences": null, "REF (Authors, Year)_1": null, "Geochemistry data": null, "REF (Authors, Year)_2": null, "Sediment-based climate inference (hot/cold, humid/semi-arid/desert)": null, "Fossil-based climate inference (hot/cold, humid/semi-arid/desert)": "Warm, with the base of the section suggesting a dryer climate and the top a more humid one", "Geochemistry-based climate inference  (hot/cold, humid/semi-arid/desert)": null, "Climate assignment leading evidence": "Palynomorphs", "Climate_Cl": "S", "Weight": "1", "PlateID": "201", "Sediment-based climate inference (hot/cold, humid/S/desert)": null, "Fossil-based climate inference (hot/cold, humid/S/desert)": null, "Geochemistry-based climate inference  (hot/cold, humid/S/desert)": null, "PaleozonaCodigo": null, "layer": "120.00Ma_point", "path": "C:/Users/Leonardo Bachi/OneDrive/Desktop/ITT_OCEANEON/20_SETEMBRO_TABELA_FINAL/PONTOS_RETIFICADOS/120.00Ma.geojson", "winner": "D", "cluster_size": 20}, "geometry": {"type": "Point", "coordinates": [-12.236863786107321, -21.601950208910875]}}, {"type": "Feature", "properties": {"ID": "1340", "Country": "Brazil", "Basin_Sub_": "Rio do Peixe", "Group": "Sousa, Brejo das Freiras", "Formation": "Rio Piranhas", "Member": null, "Well name/ outcrop": null, "Latitude": "-6.75", "Longitude": "-38.33", "Dating evidence": "Biostratigraphy: ostracods and palinomorphs", "REF(Authors, Year)": "C?doba et al., 2008", "Show_on_Ma": "120", "Lithology, structures, paleowind": "Sandstones, conglomerates, intercalations of shales", "Paleoenvironment": "Continental: alluvial fans and braided fluvial", "REF (Authors, Year)": "C?doba et al., 2008", "Fossil occurrences": null, "REF (Authors, Year)_1": null, "Geochemistry data": null, "REF (Authors, Year)_2": null, "Sediment-based climate inference (hot/cold, humid/semi-arid/desert)": null, "Fossil-based climate inference (hot/cold, humid/semi-arid/desert)": null, "Geochemistry-based climate inference  (hot/cold, humid/semi-arid/desert)": null, "Climate assignment leading evidence": "Fluvial braided", "Climate_Cl": "S", "Weight": "1", "PlateID": "201", "Sediment-based climate inference (hot/cold, humid/S/desert)": null, "Fossil-based climate inference (hot/cold, humid/S/desert)": null, "Geochemistry-based climate inference  (hot/cold, humid/S/desert)": null, "PaleozonaCodigo": null, "layer": "120.00Ma_point", "path": "C:/Users/Leonardo Bachi/OneDrive/Desktop/ITT_OCEANEON/20_SETEMBRO_TABELA_FINAL/PONTOS_RETIFICADOS/120.00Ma.geojson", "winner": "D", "cluster_size": 20}, "geometry": {"type": "Point", "coordinates": [-12.456299616608067, -21.49258654359425]}}, {"type": "Feature", "properties": {"ID": "1359", "Country": "Brazil", "Basin_Sub_": "Rio do Peixe", "Group": "Rio do Peixe", "Formation": "Sousa", "Member": null, "Well name/ outcrop": null, "Latitude": "-7", "Longitude": "-38.33", "Dating evidence": "Palynomorphs", "REF(Authors, Year)": "Lima and Coelho (1987)", "Show_on_Ma": "120", "Lithology, structures, paleowind": "Reddish mudstones, siltstones, and fine-grained sandstones, with the secondary occurrance of carbonate nodules and marls. Mud cracks, convolute bedding, ripple marks, climbing ripples, raindrop imprints, and bioturbation are common structures.", "Paleoenvironment": "Small shallow and temporary lakes, swamps, meadering fluvial", "REF (Authors, Year)": "Carvalho et al., 2013", "Fossil occurrences": "Conchostracean: Palaeolimnadiopsis reali\nIchnofossils: theropod trackways", "REF (Authors, Year)_1": "Carvalho et al., 2013", "Geochemistry data": null, "REF (Authors, Year)_2": null, "Sediment-based climate inference (hot/cold, humid/semi-arid/desert)": "Sedimentation with finer grains suggest the presence of ponds and shallow lakes.", "Fossil-based climate inference (hot/cold, humid/semi-arid/desert)": null, "Geochemistry-based climate inference  (hot/cold, humid/semi-arid/desert)": null, "Climate assignment leading evidence": "Well preserved dinosaur trackways, conchostracean Palaeolimnadiopsis reali, fine sediments", "Climate_Cl": "S", "Weight": "4", "PlateID": "201", "Sediment-based climate inference (hot/cold, humid/S/desert)": null, "Fossil-based climate inference (hot/cold, humid/S/desert)": null, "Geochemistry-based climate inference  (hot/cold, humid/S/desert)": null, "PaleozonaCodigo": null, "layer": "120.00Ma_point", "path": "C:/Users/Leonardo Bachi/OneDrive/Desktop/ITT_OCEANEON/20_SETEMBRO_TABELA_FINAL/PONTOS_RETIFICADOS/120.00Ma.geojson", "winner": "D", "cluster_size": 20}, "geometry": {"type": "Point", "coordinates": [-12.442205423230627, -21.742242937754835]}}, {"type": "Feature", "properties": {"ID": "1360", "Country": "Brazil", "Basin_Sub_": "Rio do Peixe", "Group": "Rio do Peixe", "Formation": "Sousa", "Member": null, "Well name/ outcrop": null, "Latitude": "-6.75", "Longitude": "-38.33", "Dating evidence": "Palynomorphs", "REF(Authors, Year)": "Lima and Coelho (1987)", "Show_on_Ma": "120", "Lithology, structures, paleowind": "Clastic rocks with occasional carbonate cimentation", "Paleoenvironment": "Alluvial fans in the borders of the basin, meadering fluvial system with lakes in its inundation plain in the center of the basin", "REF (Authors, Year)": "Carvalho, 2014", "Fossil occurrences": "Conchostracean: Palaeolimnadiopsis reali, Palaeolimnadiopsis freybergi, Estheriella brasiliensis, Estheriella lualabensis, Cyzicus brauni, Cyzicus cassambensis", "REF (Authors, Year)_1": "Carvalho, 2014", "Geochemistry data": null, "REF (Authors, Year)_2": null, "Sediment-based climate inference (hot/cold, humid/semi-arid/desert)": null, "Fossil-based climate inference (hot/cold, humid/semi-arid/desert)": null, "Geochemistry-based climate inference  (hot/cold, humid/semi-arid/desert)": null, "Climate assignment leading evidence": " conchostracean Palaeolimnadiopsis reali", "Climate_Cl": "H", "Weight": "3", "PlateID": "201", "Sediment-based climate inference (hot/cold, humid/S/desert)": null, "Fossil-based climate inference (hot/cold, humid/S/desert)": null, "Geochemistry-based climate inference  (hot/cold, humid/S/desert)": null, "PaleozonaCodigo": null, "layer": "120.00Ma_point", "path": "C:/Users/Leonardo Bachi/OneDrive/Desktop/ITT_OCEANEON/20_SETEMBRO_TABELA_FINAL/PONTOS_RETIFICADOS/120.00Ma.geojson", "winner": "D", "cluster_size": 20}, "geometry": {"type": "Point", "coordinates": [-12.456299616608067, -21.49258654359425]}}, {"type": "Feature", "properties": {"ID": "1361", "Country": "Brazil", "Basin_Sub_": "Rio do Peixe", "Group": "Rio do Peixe", "Formation": "Sousa", "Member": null, "Well name/ outcrop": null, "Latitude": "-7", "Longitude": "-38.53", "Dating evidence": "Palynomorphs", "REF(Authors, Year)": "Lima and Coelho (1987)", "Show_on_Ma": "120", "Lithology, structures, paleowind": "Breccia, conglomerates, sandstones, siltstones, shales and mudstones", "Paleoenvironment": "Meandering fluvial and lacustrine environments in the center of the basin", "REF (Authors, Year)": "Carvalho, 2014", "Fossil occurrences": "Conchostracean: Cyzicus abaetensis, Cyzicus brauni, Cyzicus cassambensis, Cyzicus pricei", "REF (Authors, Year)_1": "Carvalho, 2014", "Geochemistry data": null, "REF (Authors, Year)_2": null, "Sediment-based climate inference (hot/cold, humid/semi-arid/desert)": null, "Fossil-based climate inference (hot/cold, humid/semi-arid/desert)": "The presence of conchostraceans is indicative of warm climatic conditions, with most species living in small, temporary fresh water bodies. The species Cyzicus brauni and Cyzicus pricei occur in monospecific associations in the borders of the basin, indicating a stressful environment.", "Geochemistry-based climate inference  (hot/cold, humid/semi-arid/desert)": null, "Climate assignment leading evidence": " conchostraceans of the Cyzicus genus", "Climate_Cl": "S", "Weight": "3", "PlateID": "201", "Sediment-based climate inference (hot/cold, humid/S/desert)": null, "Fossil-based climate inference (hot/cold, humid/S/desert)": null, "Geochemistry-based climate inference  (hot/cold, humid/S/desert)": null, "PaleozonaCodigo": null, "layer": "120.00Ma_point", "path": "C:/Users/Leonardo Bachi/OneDrive/Desktop/ITT_OCEANEON/20_SETEMBRO_TABELA_FINAL/PONTOS_RETIFICADOS/120.00Ma.geojson", "winner": "D", "cluster_size": 20}, "geometry": {"type": "Point", "coordinates": [-12.655637012307732, -21.752561466587128]}}, {"type": "Feature", "properties": {"ID": "1362", "Country": "Brazil", "Basin_Sub_": "Rio do Peixe", "Group": "Rio do Peixe", "Formation": "Sousa", "Member": null, "Well name/ outcrop": "S?io Salguinho", "Latitude": "-7", "Longitude": "-38.483333", "Dating evidence": "Palynomorphs", "REF(Authors, Year)": "Lima and Coelho (1987)", "Show_on_Ma": "120", "Lithology, structures, paleowind": "Reddish and greenish/grayish mudstones and marls, interbedded with fine to coarse-grained, immature sandstones.", "Paleoenvironment": "Perennial shallow lake/Ephemeral lake transitioning to a fluvial floodplain", "REF (Authors, Year)": "Carvalho et al., 2017", "Fossil occurrences": "Ichnofossils: arthropods: ?Arenicolites isp., Aulichnites isp., Phycodes isp., Palaeophycus tubularis, Planolites isp., Taenidium barreti", "REF (Authors, Year)_1": "Carvalho et al., 2017", "Geochemistry data": null, "REF (Authors, Year)_2": null, "Sediment-based climate inference (hot/cold, humid/semi-arid/desert)": "Sedimentation with finer grains suggest the presence of ponds and shallow lakes.", "Fossil-based climate inference (hot/cold, humid/semi-arid/desert)": "Shallow lakes or constantly flooded areas, such as abandoned meanders", "Geochemistry-based climate inference  (hot/cold, humid/semi-arid/desert)": null, "Climate assignment leading evidence": "Abundant trace fossils ichnofauna", "Climate_Cl": "S", "Weight": "2", "PlateID": "201", "Sediment-based climate inference (hot/cold, humid/S/desert)": null, "Fossil-based climate inference (hot/cold, humid/S/desert)": null, "Geochemistry-based climate inference  (hot/cold, humid/S/desert)": null, "PaleozonaCodigo": null, "layer": "120.00Ma_point", "path": "C:/Users/Leonardo Bachi/OneDrive/Desktop/ITT_OCEANEON/20_SETEMBRO_TABELA_FINAL/PONTOS_RETIFICADOS/120.00Ma.geojson", "winner": "D", "cluster_size": 20}, "geometry": {"type": "Point", "coordinates": [-12.605833635899144, -21.75017072410321]}}, {"type": "Feature", "properties": {"ID": "1363", "Country": "Brazil", "Basin_Sub_": "Rio do Peixe", "Group": "Rio do Peixe", "Formation": "Sousa", "Member": null, "Well name/ outcrop": "S?io Pereiros", "Latitude": "-6.78", "Longitude": "-38.486944", "Dating evidence": "Biostratigraphy: ostracods and Palynomorphs", "REF(Authors, Year)": "Lima and Coelho (1987) Sousa et al (2019)", "Show_on_Ma": "120", "Lithology, structures, paleowind": "Fine-grained sandstones, carbonate sandstones, mudstones and shales with ripple marks, climbing ripples and mud cracks", "Paleoenvironment": "Shallow lakes and alkaline ponds/Floodplains", "REF (Authors, Year)": "Carvalho and Leonardi, 2023", "Fossil occurrences": "Ichnofossils: three theropod trackways (possibly abelisaurids)", "REF (Authors, Year)_1": "Carvalho and Leonardi, 2023", "Geochemistry data": "Sedimentation with finer grains suggest the presence of ponds and shallow lakes.", "REF (Authors, Year)_2": "Wet, hot, with drought periods ", "Sediment-based climate inference (hot/cold, humid/semi-arid/desert)": null, "Fossil-based climate inference (hot/cold, humid/semi-arid/desert)": null, "Geochemistry-based climate inference  (hot/cold, humid/semi-arid/desert)": null, "Climate assignment leading evidence": "Fluvial braided, dinosaur tracks, dissecation cracks.", "Climate_Cl": "S", "Weight": "2", "PlateID": "201", "Sediment-based climate inference (hot/cold, humid/S/desert)": null, "Fossil-based climate inference (hot/cold, humid/S/desert)": null, "Geochemistry-based climate inference  (hot/cold, humid/S/desert)": null, "PaleozonaCodigo": null, "layer": "120.00Ma_point", "path": "C:/Users/Leonardo Bachi/OneDrive/Desktop/ITT_OCEANEON/20_SETEMBRO_TABELA_FINAL/PONTOS_RETIFICADOS/120.00Ma.geojson", "winner": "D", "cluster_size": 20}, "geometry": {"type": "Point", "coordinates": [-12.621916476707392, -21.53064994730309]}}, {"type": "Feature", "properties": {"ID": "725", "Country": "Brazil", "Basin_Sub_": "Ceará", "Group": "MundaúN/A", "Formation": "N/A", "Member": null, "Well name/ outcrop": null, "Latitude": "-2.83", "Longitude": "-38.8", "Dating evidence": " continental palynomorphs;        P-270 (Sergipea variverrucata)", "REF(Authors, Year)": "Cond?et al, 2007; Antonioli, 1998", "Show_on_Ma": "120", "Lithology, structures, paleowind": "Sandstones, siltstones, shales and conglomerates", "Paleoenvironment": "Fluvial-lacustrine and alluvial fans", "REF (Authors, Year)": "Cond?et al. 2007", "Fossil occurrences": "Predominance of Classopolis and Equisetosporites", "REF (Authors, Year)_1": "Antonioli, 1998 ", "Geochemistry data": "N/A", "REF (Authors, Year)_2": "N/A", "Sediment-based climate inference (hot/cold, humid/semi-arid/desert)": "Semi-arid?", "Fossil-based climate inference (hot/cold, humid/semi-arid/desert)": "Hot, arid (with humid phases)", "Geochemistry-based climate inference  (hot/cold, humid/semi-arid/desert)": "N/A", "Climate assignment leading evidence": "Palynomorphs", "Climate_Cl": "S", "Weight": "3", "PlateID": "201", "Sediment-based climate inference (hot/cold, humid/S/desert)": null, "Fossil-based climate inference (hot/cold, humid/S/desert)": null, "Geochemistry-based climate inference  (hot/cold, humid/S/desert)": null, "PaleozonaCodigo": null, "layer": "120.00Ma_point", "path": "C:/Users/Leonardo Bachi/OneDrive/Desktop/ITT_OCEANEON/20_SETEMBRO_TABELA_FINAL/PONTOS_RETIFICADOS/120.00Ma.geojson", "winner": "H", "cluster_size": 4}, "geometry": {"type": "Point", "coordinates": [-13.163297007985772, -17.60131206146544]}}, {"type": "Feature", "properties": {"ID": "727", "Country": "Brazil", "Basin_Sub_": "Ceará", "Group": "MundaúN/A", "Formation": "Well 1-CES-8 (Trairi beds)", "Member": null, "Well name/ outcrop": null, "Latitude": "-2.83", "Longitude": "-38.8", "Dating evidence": "P-270    (Sergipea variverrucata-Palynology)", "REF(Authors, Year)": "Hashimoto et al,, 1987", "Show_on_Ma": "120", "Lithology, structures, paleowind": "Carbonates and shales intercalated", "Paleoenvironment": "Sabkha", "REF (Authors, Year)": "Hashimoto et al., 1987", "Fossil occurrences": "N/A", "REF (Authors, Year)_1": "N/A", "Geochemistry data": "Biomarker analysis (steranes and terpanes)", "REF (Authors, Year)_2": "Hashimoto et al., 1987", "Sediment-based climate inference (hot/cold, humid/semi-arid/desert)": "D", "Fossil-based climate inference (hot/cold, humid/semi-arid/desert)": "N/A", "Geochemistry-based climate inference  (hot/cold, humid/semi-arid/desert)": "D", "Climate assignment leading evidence": "Analysis of sedimentological, paleobiological and geochemical data.", "Climate_Cl": "D", "Weight": "3", "PlateID": "201", "Sediment-based climate inference (hot/cold, humid/S/desert)": null, "Fossil-based climate inference (hot/cold, humid/S/desert)": null, "Geochemistry-based climate inference  (hot/cold, humid/S/desert)": null, "PaleozonaCodigo": null, "layer": "120.00Ma_point", "path": "C:/Users/Leonardo Bachi/OneDrive/Desktop/ITT_OCEANEON/20_SETEMBRO_TABELA_FINAL/PONTOS_RETIFICADOS/120.00Ma.geojson", "winner": "H", "cluster_size": 4}, "geometry": {"type": "Point", "coordinates": [-13.163297007985772, -17.60131206146544]}}, {"type": "Feature", "properties": {"ID": "825", "Country": "Brazil", "Basin_Sub_": "Grajaú", "Group": "CodóN/A", "Formation": "FSS08-GJ", "Member": null, "Well name/ outcrop": null, "Latitude": "-4", "Longitude": "-45.5", "Dating evidence": "Re-OS isotope system", "REF(Authors, Year)": "Silva, 2022", "Show_on_Ma": "120", "Lithology, structures, paleowind": "Black shale", "Paleoenvironment": "Saline lake", "REF (Authors, Year)": "Silva, 2022", "Fossil occurrences": "N/A", "REF (Authors, Year)_1": "N/A", "Geochemistry data": "Rb/Sr (0.55 to 0.66) e Sr/Cu (0.9 to 1.8); negative excursion of d13Corg.", "REF (Authors, Year)_2": "Silva, 2022", "Sediment-based climate inference (hot/cold, humid/semi-arid/desert)": "N/A", "Fossil-based climate inference (hot/cold, humid/semi-arid/desert)": "N/A", "Geochemistry-based climate inference  (hot/cold, humid/semi-arid/desert)": "Hot/humid", "Climate assignment leading evidence": "Rb/Sr (0.55 to 0.66) e Sr/Cu (0.9 to 1.8); negative excursion of d13Corg.", "Climate_Cl": "H", "Weight": "3", "PlateID": "201", "Sediment-based climate inference (hot/cold, humid/S/desert)": null, "Fossil-based climate inference (hot/cold, humid/S/desert)": null, "Geochemistry-based climate inference  (hot/cold, humid/S/desert)": null, "PaleozonaCodigo": null, "layer": "120.00Ma_point", "path": "C:/Users/Leonardo Bachi/OneDrive/Desktop/ITT_OCEANEON/20_SETEMBRO_TABELA_FINAL/PONTOS_RETIFICADOS/120.00Ma.geojson", "winner": "S", "cluster_size": 3}, "geometry": {"type": "Point", "coordinates": [-20.163136787412462, -18.993363971863356]}}, {"type": "Feature", "properties": {"ID": "844", "Country": "Brazil", "Basin_Sub_": "Jacuípe", "Group": "Almada", "Formation": "Rio de Contas", "Member": "N/A", "Well name/ outcrop": "N/A", "Latitude": "-12.5", "Longitude": "-37.16", "Dating evidence": "Stratigraphic relationships", "REF(Authors, Year)": "Graddi et al. 2007", "Show_on_Ma": "120", "Lithology, structures, paleowind": "Conglomerates, sandstones, shales", "Paleoenvironment": "Continental (lacustrine, alluvial fans)", "REF (Authors, Year)": "Graddi et al. 2007", "Fossil occurrences": "N/A", "REF (Authors, Year)_1": "N/A", "Geochemistry data": "N/A", "REF (Authors, Year)_2": "N/A", "Sediment-based climate inference (hot/cold, humid/semi-arid/desert)": "Humid?", "Fossil-based climate inference (hot/cold, humid/semi-arid/desert)": "N/A", "Geochemistry-based climate inference  (hot/cold, humid/semi-arid/desert)": "N/A", "Climate assignment leading evidence": "Perennial lacustrine deposits", "Climate_Cl": "H", "Weight": "2", "PlateID": "201", "Sediment-based climate inference (hot/cold, humid/S/desert)": null, "Fossil-based climate inference (hot/cold, humid/S/desert)": null, "Geochemistry-based climate inference  (hot/cold, humid/S/desert)": null, "PaleozonaCodigo": null, "layer": "120.00Ma_point", "path": "C:/Users/Leonardo Bachi/OneDrive/Desktop/ITT_OCEANEON/20_SETEMBRO_TABELA_FINAL/PONTOS_RETIFICADOS/120.00Ma.geojson", "winner": "S", "cluster_size": 10}, "geometry": {"type": "Point", "coordinates": [-10.836049708956802, -27.168431993977734]}}, {"type": "Feature", "properties": {"ID": "857", "Country": "Brazil", "Basin_Sub_": "Jacuípe", "Group": "Almada", "Formation": "Taipus-Mirim", "Member": "Rift 3", "Well name/ outcrop": "Well 1", "Latitude": "-12.7", "Longitude": "-37.919", "Dating evidence": "N/A", "REF(Authors, Year)": "N/A", "Show_on_Ma": "120", "Lithology, structures, paleowind": "Shales, fluvial?eltaic sandstones, turbidites, debrites, and alluvial fan deposits", "Paleoenvironment": "Deep lacustrine ", "REF (Authors, Year)": "Nunes and Holz, 2019", "Fossil occurrences": "N/A", "REF (Authors, Year)_1": "N/A", "Geochemistry data": "N/A", "REF (Authors, Year)_2": "N/A", "Sediment-based climate inference (hot/cold, humid/semi-arid/desert)": "H?", "Fossil-based climate inference (hot/cold, humid/semi-arid/desert)": "N/A", "Geochemistry-based climate inference  (hot/cold, humid/semi-arid/desert)": "N/A", "Climate assignment leading evidence": "Deep lacustrine  ", "Climate_Cl": "H", "Weight": "2", "PlateID": "201", "Sediment-based climate inference (hot/cold, humid/S/desert)": null, "Fossil-based climate inference (hot/cold, humid/S/desert)": null, "Geochemistry-based climate inference  (hot/cold, humid/S/desert)": null, "PaleozonaCodigo": null, "layer": "120.00Ma_point", "path": "C:/Users/Leonardo Bachi/OneDrive/Desktop/ITT_OCEANEON/20_SETEMBRO_TABELA_FINAL/PONTOS_RETIFICADOS/120.00Ma.geojson", "winner": "S", "cluster_size": 10}, "geometry": {"type": "Point", "coordinates": [-11.654874375462375, -27.411621566207025]}}, {"type": "Feature", "properties": {"ID": "1300", "Country": "Brazil", "Basin_Sub_": "Recôncavo", "Group": "N/A", "Formation": "Marizal", "Member": "N/A", "Well name/ outcrop": "N/A", "Latitude": "-12.5", "Longitude": "-38.5", "Dating evidence": "Biostratigraphy:  Cicatricosisporites hallei, Matonisporites dorogensis", "REF(Authors, Year)": "Viana, 1971", "Show_on_Ma": "120", "Lithology, structures, paleowind": "Conglomerates, sandstones, shales, limestones", "Paleoenvironment": "Continental: alluvial fans, fluvial", "REF (Authors, Year)": "Viana, 1971", "Fossil occurrences": "Leptolepidites verrucatus; Matonisporites silvai, Callialasporites dampieri, Gnetaceaepollenites jansonii, Exesipollenites tumulus", "REF (Authors, Year)_1": "Reis et al. 2007", "Geochemistry data": "N/A", "REF (Authors, Year)_2": "N/A", "Sediment-based climate inference (hot/cold, humid/semi-arid/desert)": "N/A", "Fossil-based climate inference (hot/cold, humid/semi-arid/desert)": "Hot, Semi-Arid", "Geochemistry-based climate inference  (hot/cold, humid/semi-arid/desert)": "N/A", "Climate assignment leading evidence": "Alluvial fans deposits", "Climate_Cl": "D", "Weight": "5", "PlateID": "201", "Sediment-based climate inference (hot/cold, humid/S/desert)": null, "Fossil-based climate inference (hot/cold, humid/S/desert)": null, "Geochemistry-based climate inference  (hot/cold, humid/S/desert)": null, "PaleozonaCodigo": null, "layer": "120.00Ma_point", "path": "C:/Users/Leonardo Bachi/OneDrive/Desktop/ITT_OCEANEON/20_SETEMBRO_TABELA_FINAL/PONTOS_RETIFICADOS/120.00Ma.geojson", "winner": "S", "cluster_size": 10}, "geometry": {"type": "Point", "coordinates": [-12.304612764789969, -27.243369133178057]}}, {"type": "Feature", "properties": {"ID": "2034", "Country": "Gabon", "Basin_Sub_": "Gabon", "Group": "N?eme Asso ", "Formation": "Gamba", "Member": "vembo shale", "Well name/ outcrop": "well b", "Latitude": "-2.393", "Longitude": "8.614", "Dating evidence": "Biostratigraphy: palynomorphs; ostracods", "REF(Authors, Year)": "Doyle et al., 1977, 1982; 1992; Grosdidier et al 1996; Bate et al 1999; Poropat & Coolin 2012", "Show_on_Ma": "120", "Lithology, structures, paleowind": "dolomitic shale, dolomite, and towards the top, layers of anhydrite and salt pseudomorphs", "Paleoenvironment": "Continental: lagoonal", "REF (Authors, Year)": "Eldrett et al 2023; Karner et al., 1997", "Fossil occurrences": "palynomorphs", "REF (Authors, Year)_1": "Eldrett et al 2023", "Geochemistry data": "N/A", "REF (Authors, Year)_2": "N/A", "Sediment-based climate inference (hot/cold, humid/semi-arid/desert)": "N/A", "Fossil-based climate inference (hot/cold, humid/semi-arid/desert)": "S-D", "Geochemistry-based climate inference  (hot/cold, humid/semi-arid/desert)": "N/A", "Climate assignment leading evidence": "Abundant (>50%) content of Classopollis pollen", "Climate_Cl": "D", "Weight": "3", "PlateID": "701", "Sediment-based climate inference (hot/cold, humid/S/desert)": null, "Fossil-based climate inference (hot/cold, humid/S/desert)": null, "Geochemistry-based climate inference  (hot/cold, humid/S/desert)": null, "PaleozonaCodigo": null, "layer": "120.00Ma_point", "path": "C:/Users/Leonardo Bachi/OneDrive/Desktop/ITT_OCEANEON/20_SETEMBRO_TABELA_FINAL/PONTOS_RETIFICADOS/120.00Ma.geojson", "winner": "S", "cluster_size": 10}, "geometry": {"type": "Point", "coordinates": [-11.652724815241877, -27.636073921667794]}}, {"type": "Feature", "properties": {"ID": "2035", "Country": "Gabon", "Basin_Sub_": "Gabon", "Group": "N?eme Asso ", "Formation": "Gamba", "Member": "Gamba sandstone", "Well name/ outcrop": "well b", "Latitude": "-2.393", "Longitude": "8.614", "Dating evidence": "Biostratigraphy: palynomorphs; ostracods", "REF(Authors, Year)": "Doyle et al., 1977, 1982; 1992; Grosdidier et al 1996; Bate et al 1999; Poropat & Coolin 2012", "Show_on_Ma": "120", "Lithology, structures, paleowind": "sandstones", "Paleoenvironment": "Continental: fluvial", "REF (Authors, Year)": "Eldrett et al 2023", "Fossil occurrences": "palynomorphs", "REF (Authors, Year)_1": "Eldrett et al 2023", "Geochemistry data": "N/A", "REF (Authors, Year)_2": "N/A", "Sediment-based climate inference (hot/cold, humid/semi-arid/desert)": "S", "Fossil-based climate inference (hot/cold, humid/semi-arid/desert)": "S-D", "Geochemistry-based climate inference  (hot/cold, humid/semi-arid/desert)": "N/A", "Climate assignment leading evidence": "Abundant (>50%) content of Classopollis pollen", "Climate_Cl": "D", "Weight": "4", "PlateID": "701", "Sediment-based climate inference (hot/cold, humid/S/desert)": null, "Fossil-based climate inference (hot/cold, humid/S/desert)": null, "Geochemistry-based climate inference  (hot/cold, humid/S/desert)": null, "PaleozonaCodigo": null, "layer": "120.00Ma_point", "path": "C:/Users/Leonardo Bachi/OneDrive/Desktop/ITT_OCEANEON/20_SETEMBRO_TABELA_FINAL/PONTOS_RETIFICADOS/120.00Ma.geojson", "winner": "S", "cluster_size": 10}, "geometry": {"type": "Point", "coordinates": [-11.652724815241877, -27.636073921667794]}}, {"type": "Feature", "properties": {"ID": "861", "Country": "Brazil", "Basin_Sub_": "Jatobá", "Group": "Crato", "Formation": "N/A", "Member": "?2 JSN-01-PE", "Well name/ outcrop": null, "Latitude": "-9.1", "Longitude": "-38.3", "Dating evidence": "Dicheiropollis etruscus / Afropollis microfloristic province", "REF(Authors, Year)": "Nascimento et al. 2017", "Show_on_Ma": "120", "Lithology, structures, paleowind": "Siltstones intercalated with shales and  sandstones ", "Paleoenvironment": "Continental lacustrine", "REF (Authors, Year)": "Nascimento et al. 2017", "Fossil occurrences": "Afropollis, \nAraucariacites, Classopollis classoides, \nBotryococcus braunii.", "REF (Authors, Year)_1": "Nascimento et al. 2017", "Geochemistry data": "N/A", "REF (Authors, Year)_2": "N/A", "Sediment-based climate inference (hot/cold, humid/semi-arid/desert)": "N/A", "Fossil-based climate inference (hot/cold, humid/semi-arid/desert)": "Arid, Semi-Arid", "Geochemistry-based climate inference  (hot/cold, humid/semi-arid/desert)": "N/A", "Climate assignment leading evidence": "N/A", "Climate_Cl": "D", "Weight": "5", "PlateID": "201", "Sediment-based climate inference (hot/cold, humid/S/desert)": null, "Fossil-based climate inference (hot/cold, humid/S/desert)": null, "Geochemistry-based climate inference  (hot/cold, humid/S/desert)": null, "PaleozonaCodigo": null, "layer": "120.00Ma_point", "path": "C:/Users/Leonardo Bachi/OneDrive/Desktop/ITT_OCEANEON/20_SETEMBRO_TABELA_FINAL/PONTOS_RETIFICADOS/120.00Ma.geojson", "winner": "S", "cluster_size": 7}, "geometry": {"type": "Point", "coordinates": [-12.289458759798096, -23.837727328388873]}}, {"type": "Feature", "properties": {"ID": "864", "Country": "Brazil", "Basin_Sub_": "Jatobá/Santana", "Group": "Crato", "Formation": "N/A", "Member": "2-JSN-01-PE", "Well name/ outcrop": null, "Latitude": "-9.1", "Longitude": "-38.3", "Dating evidence": "Biostratigraphy: Inaperturopollenites turbatus, Sergipea variverrucata, Exesipollenites tumulus", "REF(Authors, Year)": "Nascimento 2013", "Show_on_Ma": "120", "Lithology, structures, paleowind": "facies association, very fine sandstones/claystones with laminated limestones", "Paleoenvironment": "Continental (alluvial fans)", "REF (Authors, Year)": "Rocha, 2011", "Fossil occurrences": "Cyathidites, Deltoidospora, Cicatricosisporites, Crybelosporites pannuceus, Callialasporites, Callialasporites turbatus, Inaperturopollenites turbatus, Classopollis", "REF (Authors, Year)_1": "Nascimento 2013", "Geochemistry data": "N/A", "REF (Authors, Year)_2": "N/A", "Sediment-based climate inference (hot/cold, humid/semi-arid/desert)": "N/A", "Fossil-based climate inference (hot/cold, humid/semi-arid/desert)": "Hot, Semi-Arid", "Geochemistry-based climate inference  (hot/cold, humid/semi-arid/desert)": "N/A", "Climate assignment leading evidence": "Alluvial fans", "Climate_Cl": "D", "Weight": "5", "PlateID": "201", "Sediment-based climate inference (hot/cold, humid/S/desert)": null, "Fossil-based climate inference (hot/cold, humid/S/desert)": null, "Geochemistry-based climate inference  (hot/cold, humid/S/desert)": null, "PaleozonaCodigo": null, "layer": "120.00Ma_point", "path": "C:/Users/Leonardo Bachi/OneDrive/Desktop/ITT_OCEANEON/20_SETEMBRO_TABELA_FINAL/PONTOS_RETIFICADOS/120.00Ma.geojson", "winner": "S", "cluster_size": 7}, "geometry": {"type": "Point", "coordinates": [-12.289458759798096, -23.837727328388873]}}, {"type": "Feature", "properties": {"ID": "1701", "Country": "Brazil", "Basin_Sub_": "Tucano", "Group": "Massacará", "Formation": "S? Sebasti?", "Member": null, "Well name/ outcrop": null, "Latitude": "-10", "Longitude": "-38.5", "Dating evidence": "Biostratigraphy: non-marine ostracods?ocal zones", "REF(Authors, Year)": "Costa et al 2007; Almeira-Lima et al 2022", "Show_on_Ma": "120", "Lithology, structures, paleowind": "Sandstones, mudstones", "Paleoenvironment": "Continental: eolian, fluvial", "REF (Authors, Year)": "Costa et al., 2007", "Fossil occurrences": "Palynomorphs and non-marine ostracods", "REF (Authors, Year)_1": "Viana et al 1971; Almeida-Lima et al 2022", "Geochemistry data": null, "REF (Authors, Year)_2": null, "Sediment-based climate inference (hot/cold, humid/semi-arid/desert)": "Hot, dry with wet phases", "Fossil-based climate inference (hot/cold, humid/semi-arid/desert)": null, "Geochemistry-based climate inference  (hot/cold, humid/semi-arid/desert)": null, "Climate assignment leading evidence": "Eolian", "Climate_Cl": "D", "Weight": "4", "PlateID": "201", "Sediment-based climate inference (hot/cold, humid/S/desert)": null, "Fossil-based climate inference (hot/cold, humid/S/desert)": null, "Geochemistry-based climate inference  (hot/cold, humid/S/desert)": null, "PaleozonaCodigo": null, "layer": "120.00Ma_point", "path": "C:/Users/Leonardo Bachi/OneDrive/Desktop/ITT_OCEANEON/20_SETEMBRO_TABELA_FINAL/PONTOS_RETIFICADOS/120.00Ma.geojson", "winner": "S", "cluster_size": 7}, "geometry": {"type": "Point", "coordinates": [-12.453091700635033, -24.746932887645194]}}, {"type": "Feature", "properties": {"ID": "911", "Country": "Brazil", "Basin_Sub_": "Jequitinhonha", "Group": "Nativo", "Formation": "Mariricu", "Member": "Itai?as", "Well name/ outcrop": "General location", "Latitude": "-15.5", "Longitude": "-37.5", "Dating evidence": "Stratigraphic relationships", "REF(Authors, Year)": "Rangel et al., 2007", "Show_on_Ma": "120", "Lithology, structures, paleowind": "Evaporites (halite, anhydrite, gypsum)", "Paleoenvironment": "Restricted marine", "REF (Authors, Year)": "Rangel et al., 2007", "Fossil occurrences": "N/A", "REF (Authors, Year)_1": "N/A", "Geochemistry data": "N/A", "REF (Authors, Year)_2": "N/A", "Sediment-based climate inference (hot/cold, humid/semi-arid/desert)": "Hot, dry", "Fossil-based climate inference (hot/cold, humid/semi-arid/desert)": "N/A", "Geochemistry-based climate inference  (hot/cold, humid/semi-arid/desert)": "N/A", "Climate assignment leading evidence": "Evaporites", "Climate_Cl": "D", "Weight": "3", "PlateID": "201", "Sediment-based climate inference (hot/cold, humid/S/desert)": null, "Fossil-based climate inference (hot/cold, humid/S/desert)": null, "Geochemistry-based climate inference  (hot/cold, humid/S/desert)": null, "PaleozonaCodigo": null, "layer": "120.00Ma_point", "path": "C:/Users/Leonardo Bachi/OneDrive/Desktop/ITT_OCEANEON/20_SETEMBRO_TABELA_FINAL/PONTOS_RETIFICADOS/120.00Ma.geojson", "winner": "H", "cluster_size": 4}, "geometry": {"type": "Point", "coordinates": [-11.004138681636585, -30.182908088941282]}}, {"type": "Feature", "properties": {"ID": "916", "Country": "Brazil", "Basin_Sub_": "Jequitinhonha", "Group": "Nativo", "Formation": "CricaréSernambi", "Member": "General location", "Well name/ outcrop": null, "Latitude": "-15.5", "Longitude": "-37.5", "Dating evidence": "Stratigraphic relationships", "REF(Authors, Year)": "Rangel et al., 2007", "Show_on_Ma": "120", "Lithology, structures, paleowind": "Coquinas, with shales", "Paleoenvironment": "Lacustrine", "REF (Authors, Year)": "Rangel et al., 2007", "Fossil occurrences": "N/A", "REF (Authors, Year)_1": "N/A", "Geochemistry data": "N/A", "REF (Authors, Year)_2": "N/A", "Sediment-based climate inference (hot/cold, humid/semi-arid/desert)": "Semi-arid?", "Fossil-based climate inference (hot/cold, humid/semi-arid/desert)": "N/A", "Geochemistry-based climate inference  (hot/cold, humid/semi-arid/desert)": "N/A", "Climate assignment leading evidence": "Lacustrine carbonate with shales", "Climate_Cl": "S", "Weight": "2", "PlateID": "201", "Sediment-based climate inference (hot/cold, humid/S/desert)": null, "Fossil-based climate inference (hot/cold, humid/S/desert)": null, "Geochemistry-based climate inference  (hot/cold, humid/S/desert)": null, "PaleozonaCodigo": null, "layer": "120.00Ma_point", "path": "C:/Users/Leonardo Bachi/OneDrive/Desktop/ITT_OCEANEON/20_SETEMBRO_TABELA_FINAL/PONTOS_RETIFICADOS/120.00Ma.geojson", "winner": "H", "cluster_size": 4}, "geometry": {"type": "Point", "coordinates": [-11.004138681636585, -30.182908088941282]}}, {"type": "Feature", "properties": {"ID": "1364", "Country": "Brazil", "Basin_Sub_": "Sanfranciscana", "Group": "Areado", "Formation": "Tr? Barras", "Member": null, "Well name/ outcrop": null, "Latitude": "-18", "Longitude": "-46.35", "Dating evidence": null, "REF(Authors, Year)": null, "Show_on_Ma": "120", "Lithology, structures, paleowind": null, "Paleoenvironment": null, "REF (Authors, Year)": null, "Fossil occurrences": null, "REF (Authors, Year)_1": null, "Geochemistry data": null, "REF (Authors, Year)_2": null, "Sediment-based climate inference (hot/cold, humid/semi-arid/desert)": null, "Fossil-based climate inference (hot/cold, humid/semi-arid/desert)": null, "Geochemistry-based climate inference  (hot/cold, humid/semi-arid/desert)": null, "Climate assignment leading evidence": null, "Climate_Cl": "D", "Weight": "4", "PlateID": "201", "Sediment-based climate inference (hot/cold, humid/S/desert)": null, "Fossil-based climate inference (hot/cold, humid/S/desert)": null, "Geochemistry-based climate inference  (hot/cold, humid/S/desert)": null, "PaleozonaCodigo": null, "layer": "120.00Ma_point", "path": "C:/Users/Leonardo Bachi/OneDrive/Desktop/ITT_OCEANEON/20_SETEMBRO_TABELA_FINAL/PONTOS_RETIFICADOS/120.00Ma.geojson", "winner": "S", "cluster_size": 22}, "geometry": {"type": "Point", "coordinates": [-20.837396437922695, -33.00508095084922]}}, {"type": "Feature", "properties": {"ID": "1365", "Country": "Brazil", "Basin_Sub_": "Sanfranciscana", "Group": "Areado", "Formation": "Tr? Barras", "Member": null, "Well name/ outcrop": null, "Latitude": "-18", "Longitude": "-46.35", "Dating evidence": null, "REF(Authors, Year)": null, "Show_on_Ma": "120", "Lithology, structures, paleowind": null, "Paleoenvironment": null, "REF (Authors, Year)": null, "Fossil occurrences": null, "REF (Authors, Year)_1": null, "Geochemistry data": null, "REF (Authors, Year)_2": null, "Sediment-based climate inference (hot/cold, humid/semi-arid/desert)": null, "Fossil-based climate inference (hot/cold, humid/semi-arid/desert)": null, "Geochemistry-based climate inference  (hot/cold, humid/semi-arid/desert)": null, "Climate assignment leading evidence": null, "Climate_Cl": "D", "Weight": "4", "PlateID": "201", "Sediment-based climate inference (hot/cold, humid/S/desert)": null, "Fossil-based climate inference (hot/cold, humid/S/desert)": null, "Geochemistry-based climate inference  (hot/cold, humid/S/desert)": null, "PaleozonaCodigo": null, "layer": "120.00Ma_point", "path": "C:/Users/Leonardo Bachi/OneDrive/Desktop/ITT_OCEANEON/20_SETEMBRO_TABELA_FINAL/PONTOS_RETIFICADOS/120.00Ma.geojson", "winner": "S", "cluster_size": 22}, "geometry": {"type": "Point", "coordinates": [-20.837396437922695, -33.00508095084922]}}, {"type": "Feature", "properties": {"ID": "1366", "Country": "Brazil", "Basin_Sub_": "Sanfranciscana", "Group": "Areado", "Formation": "Tr? Barras", "Member": null, "Well name/ outcrop": null, "Latitude": "-18", "Longitude": "-46.33", "Dating evidence": null, "REF(Authors, Year)": null, "Show_on_Ma": "120", "Lithology, structures, paleowind": null, "Paleoenvironment": null, "REF (Authors, Year)": null, "Fossil occurrences": null, "REF (Authors, Year)_1": null, "Geochemistry data": null, "REF (Authors, Year)_2": null, "Sediment-based climate inference (hot/cold, humid/semi-arid/desert)": null, "Fossil-based climate inference (hot/cold, humid/semi-arid/desert)": null, "Geochemistry-based climate inference  (hot/cold, humid/semi-arid/desert)": null, "Climate assignment leading evidence": null, "Climate_Cl": "D", "Weight": "4", "PlateID": "201", "Sediment-based climate inference (hot/cold, humid/S/desert)": null, "Fossil-based climate inference (hot/cold, humid/S/desert)": null, "Geochemistry-based climate inference  (hot/cold, humid/S/desert)": null, "PaleozonaCodigo": null, "layer": "120.00Ma_point", "path": "C:/Users/Leonardo Bachi/OneDrive/Desktop/ITT_OCEANEON/20_SETEMBRO_TABELA_FINAL/PONTOS_RETIFICADOS/120.00Ma.geojson", "winner": "S", "cluster_size": 22}, "geometry": {"type": "Point", "coordinates": [-20.81471770031912, -33.00479134615515]}}, {"type": "Feature", "properties": {"ID": "1367", "Country": "Brazil", "Basin_Sub_": "Sanfranciscana", "Group": "Areado", "Formation": "Tr? Barras", "Member": null, "Well name/ outcrop": null, "Latitude": "-18", "Longitude": "-46.33", "Dating evidence": null, "REF(Authors, Year)": null, "Show_on_Ma": "120", "Lithology, structures, paleowind": null, "Paleoenvironment": null, "REF (Authors, Year)": null, "Fossil occurrences": null, "REF (Authors, Year)_1": null, "Geochemistry data": null, "REF (Authors, Year)_2": null, "Sediment-based climate inference (hot/cold, humid/semi-arid/desert)": null, "Fossil-based climate inference (hot/cold, humid/semi-arid/desert)": null, "Geochemistry-based climate inference  (hot/cold, humid/semi-arid/desert)": null, "Climate assignment leading evidence": null, "Climate_Cl": "D", "Weight": "4", "PlateID": "201", "Sediment-based climate inference (hot/cold, humid/S/desert)": null, "Fossil-based climate inference (hot/cold, humid/S/desert)": null, "Geochemistry-based climate inference  (hot/cold, humid/S/desert)": null, "PaleozonaCodigo": null, "layer": "120.00Ma_point", "path": "C:/Users/Leonardo Bachi/OneDrive/Desktop/ITT_OCEANEON/20_SETEMBRO_TABELA_FINAL/PONTOS_RETIFICADOS/120.00Ma.geojson", "winner": "S", "cluster_size": 22}, "geometry": {"type": "Point", "coordinates": [-20.81471770031912, -33.00479134615515]}}, {"type": "Feature", "properties": {"ID": "1368", "Country": "Brazil", "Basin_Sub_": "Sanfranciscana", "Group": "Areado", "Formation": "Tr? Barras", "Member": null, "Well name/ outcrop": null, "Latitude": "-18", "Longitude": "-46.28", "Dating evidence": null, "REF(Authors, Year)": null, "Show_on_Ma": "120", "Lithology, structures, paleowind": null, "Paleoenvironment": null, "REF (Authors, Year)": null, "Fossil occurrences": null, "REF (Authors, Year)_1": null, "Geochemistry data": null, "REF (Authors, Year)_2": null, "Sediment-based climate inference (hot/cold, humid/semi-arid/desert)": null, "Fossil-based climate inference (hot/cold, humid/semi-arid/desert)": null, "Geochemistry-based climate inference  (hot/cold, humid/semi-arid/desert)": null, "Climate assignment leading evidence": null, "Climate_Cl": "D", "Weight": "4", "PlateID": "201", "Sediment-based climate inference (hot/cold, humid/S/desert)": null, "Fossil-based climate inference (hot/cold, humid/S/desert)": null, "Geochemistry-based climate inference  (hot/cold, humid/S/desert)": null, "PaleozonaCodigo": null, "layer": "120.00Ma_point", "path": "C:/Users/Leonardo Bachi/OneDrive/Desktop/ITT_OCEANEON/20_SETEMBRO_TABELA_FINAL/PONTOS_RETIFICADOS/120.00Ma.geojson", "winner": "S", "cluster_size": 22}, "geometry": {"type": "Point", "coordinates": [-20.758021348279282, -33.00405836988869]}}, {"type": "Feature", "properties": {"ID": "1369", "Country": "Brazil", "Basin_Sub_": "Sanfranciscana", "Group": "Areado", "Formation": "Tr? Barras", "Member": null, "Well name/ outcrop": null, "Latitude": "-18", "Longitude": "-46.28", "Dating evidence": null, "REF(Authors, Year)": null, "Show_on_Ma": "120", "Lithology, structures, paleowind": null, "Paleoenvironment": null, "REF (Authors, Year)": null, "Fossil occurrences": null, "REF (Authors, Year)_1": null, "Geochemistry data": null, "REF (Authors, Year)_2": null, "Sediment-based climate inference (hot/cold, humid/semi-arid/desert)": null, "Fossil-based climate inference (hot/cold, humid/semi-arid/desert)": null, "Geochemistry-based climate inference  (hot/cold, humid/semi-arid/desert)": null, "Climate assignment leading evidence": null, "Climate_Cl": "D", "Weight": "4", "PlateID": "201", "Sediment-based climate inference (hot/cold, humid/S/desert)": null, "Fossil-based climate inference (hot/cold, humid/S/desert)": null, "Geochemistry-based climate inference  (hot/cold, humid/S/desert)": null, "PaleozonaCodigo": null, "layer": "120.00Ma_point", "path": "C:/Users/Leonardo Bachi/OneDrive/Desktop/ITT_OCEANEON/20_SETEMBRO_TABELA_FINAL/PONTOS_RETIFICADOS/120.00Ma.geojson", "winner": "S", "cluster_size": 22}, "geometry": {"type": "Point", "coordinates": [-20.758021348279282, -33.00405836988869]}}, {"type": "Feature", "properties": {"ID": "1370", "Country": "Brazil", "Basin_Sub_": "Sanfranciscana", "Group": "Areado", "Formation": "Tr? Barras", "Member": null, "Well name/ outcrop": null, "Latitude": "-18", "Longitude": "-46.06", "Dating evidence": null, "REF(Authors, Year)": null, "Show_on_Ma": "120", "Lithology, structures, paleowind": null, "Paleoenvironment": null, "REF (Authors, Year)": null, "Fossil occurrences": null, "REF (Authors, Year)_1": null, "Geochemistry data": null, "REF (Authors, Year)_2": null, "Sediment-based climate inference (hot/cold, humid/semi-arid/desert)": null, "Fossil-based climate inference (hot/cold, humid/semi-arid/desert)": null, "Geochemistry-based climate inference  (hot/cold, humid/semi-arid/desert)": null, "Climate assignment leading evidence": null, "Climate_Cl": "D", "Weight": "4", "PlateID": "201", "Sediment-based climate inference (hot/cold, humid/S/desert)": null, "Fossil-based climate inference (hot/cold, humid/S/desert)": null, "Geochemistry-based climate inference  (hot/cold, humid/S/desert)": null, "PaleozonaCodigo": null, "layer": "120.00Ma_point", "path": "C:/Users/Leonardo Bachi/OneDrive/Desktop/ITT_OCEANEON/20_SETEMBRO_TABELA_FINAL/PONTOS_RETIFICADOS/120.00Ma.geojson", "winner": "S", "cluster_size": 22}, "geometry": {"type": "Point", "coordinates": [-20.50856603133772, -33.000681153914826]}}, {"type": "Feature", "properties": {"ID": "1371", "Country": "Brazil", "Basin_Sub_": "Sanfranciscana", "Group": "Areado", "Formation": "Tr? Barras", "Member": null, "Well name/ outcrop": null, "Latitude": "-18", "Longitude": "-46.06", "Dating evidence": null, "REF(Authors, Year)": null, "Show_on_Ma": "120", "Lithology, structures, paleowind": null, "Paleoenvironment": null, "REF (Authors, Year)": null, "Fossil occurrences": null, "REF (Authors, Year)_1": null, "Geochemistry data": null, "REF (Authors, Year)_2": null, "Sediment-based climate inference (hot/cold, humid/semi-arid/desert)": null, "Fossil-based climate inference (hot/cold, humid/semi-arid/desert)": null, "Geochemistry-based climate inference  (hot/cold, humid/semi-arid/desert)": null, "Climate assignment leading evidence": null, "Climate_Cl": "D", "Weight": "4", "PlateID": "201", "Sediment-based climate inference (hot/cold, humid/S/desert)": null, "Fossil-based climate inference (hot/cold, humid/S/desert)": null, "Geochemistry-based climate inference  (hot/cold, humid/S/desert)": null, "PaleozonaCodigo": null, "layer": "120.00Ma_point", "path": "C:/Users/Leonardo Bachi/OneDrive/Desktop/ITT_OCEANEON/20_SETEMBRO_TABELA_FINAL/PONTOS_RETIFICADOS/120.00Ma.geojson", "winner": "S", "cluster_size": 22}, "geometry": {"type": "Point", "coordinates": [-20.50856603133772, -33.000681153914826]}}, {"type": "Feature", "properties": {"ID": "1372", "Country": "Brazil", "Basin_Sub_": "Sanfranciscana", "Group": "Areado", "Formation": "Tr? Barras", "Member": null, "Well name/ outcrop": null, "Latitude": "-18", "Longitude": "-45.83", "Dating evidence": null, "REF(Authors, Year)": null, "Show_on_Ma": "120", "Lithology, structures, paleowind": null, "Paleoenvironment": null, "REF (Authors, Year)": null, "Fossil occurrences": null, "REF (Authors, Year)_1": null, "Geochemistry data": null, "REF (Authors, Year)_2": null, "Sediment-based climate inference (hot/cold, humid/semi-arid/desert)": null, "Fossil-based climate inference (hot/cold, humid/semi-arid/desert)": null, "Geochemistry-based climate inference  (hot/cold, humid/semi-arid/desert)": null, "Climate assignment leading evidence": null, "Climate_Cl": "D", "Weight": "4", "PlateID": "201", "Sediment-based climate inference (hot/cold, humid/S/desert)": null, "Fossil-based climate inference (hot/cold, humid/S/desert)": null, "Geochemistry-based climate inference  (hot/cold, humid/S/desert)": null, "PaleozonaCodigo": null, "layer": "120.00Ma_point", "path": "C:/Users/Leonardo Bachi/OneDrive/Desktop/ITT_OCEANEON/20_SETEMBRO_TABELA_FINAL/PONTOS_RETIFICADOS/120.00Ma.geojson", "winner": "S", "cluster_size": 22}, "geometry": {"type": "Point", "coordinates": [-20.247787725532607, -32.99688543417957]}}, {"type": "Feature", "properties": {"ID": "1373", "Country": "Brazil", "Basin_Sub_": "Sanfranciscana", "Group": "Areado", "Formation": "Tr? Barras", "Member": null, "Well name/ outcrop": null, "Latitude": "-18", "Longitude": "-45.83", "Dating evidence": null, "REF(Authors, Year)": null, "Show_on_Ma": "120", "Lithology, structures, paleowind": null, "Paleoenvironment": null, "REF (Authors, Year)": null, "Fossil occurrences": null, "REF (Authors, Year)_1": null, "Geochemistry data": null, "REF (Authors, Year)_2": null, "Sediment-based climate inference (hot/cold, humid/semi-arid/desert)": null, "Fossil-based climate inference (hot/cold, humid/semi-arid/desert)": null, "Geochemistry-based climate inference  (hot/cold, humid/semi-arid/desert)": null, "Climate assignment leading evidence": null, "Climate_Cl": "D", "Weight": "4", "PlateID": "201", "Sediment-based climate inference (hot/cold, humid/S/desert)": null, "Fossil-based climate inference (hot/cold, humid/S/desert)": null, "Geochemistry-based climate inference  (hot/cold, humid/S/desert)": null, "PaleozonaCodigo": null, "layer": "120.00Ma_point", "path": "C:/Users/Leonardo Bachi/OneDrive/Desktop/ITT_OCEANEON/20_SETEMBRO_TABELA_FINAL/PONTOS_RETIFICADOS/120.00Ma.geojson", "winner": "S", "cluster_size": 22}, "geometry": {"type": "Point", "coordinates": [-20.247787725532607, -32.99688543417957]}}, {"type": "Feature", "properties": {"ID": "1609", "Country": "Brazil", "Basin_Sub_": "Sergipe-Alagoas", "Group": "Coruripe", "Formation": "Maceió", "Member": null, "Well name/ outcrop": null, "Latitude": "-11", "Longitude": "-35.5", "Dating evidence": "Biostratigraphy: Palynomorphs (P-230 and P-260) local biozones; Non-marine ostracods local zones 010/011", "REF(Authors, Year)": "Schaller, 1970; Uesugui, 1987; Souza-Lima, 2008", "Show_on_Ma": "120", "Lithology, structures, paleowind": "Shales, mudstones, packstones/grainstones, algalic calcilutite, and evaporites (Paripuera)", "Paleoenvironment": "Continental to transitional: sabhka", "REF (Authors, Year)": "Campos Neto et al., 2007", "Fossil occurrences": "Palynomorphs and non-marine ostracods", "REF (Authors, Year)_1": "Luft-Souza et al., 2022", "Geochemistry data": null, "REF (Authors, Year)_2": null, "Sediment-based climate inference (hot/cold, humid/semi-arid/desert)": "Semi-arid", "Fossil-based climate inference (hot/cold, humid/semi-arid/desert)": null, "Geochemistry-based climate inference  (hot/cold, humid/semi-arid/desert)": null, "Climate assignment leading evidence": "Evaporites", "Climate_Cl": "D", "Weight": "4", "PlateID": "201", "Sediment-based climate inference (hot/cold, humid/S/desert)": null, "Fossil-based climate inference (hot/cold, humid/S/desert)": null, "Geochemistry-based climate inference  (hot/cold, humid/S/desert)": null, "PaleozonaCodigo": null, "layer": "120.00Ma_point", "path": "C:/Users/Leonardo Bachi/OneDrive/Desktop/ITT_OCEANEON/20_SETEMBRO_TABELA_FINAL/PONTOS_RETIFICADOS/120.00Ma.geojson", "winner": "S", "cluster_size": 4}, "geometry": {"type": "Point", "coordinates": [-9.13340287640381, -25.567096869690317]}}, {"type": "Feature", "properties": {"ID": "1729", "Country": "Cameroon", "Basin_Sub_": "Manfe", "Group": "Manfe", "Formation": "Cross River/Ikom-Munaya", "Member": "N/A", "Well name/ outcrop": "Bakwelle (Bkw) ", "Latitude": "5.687778", "Longitude": "9.151667", "Dating evidence": "Palinology", "REF(Authors, Year)": "Bilobe et al 2021", "Show_on_Ma": "120", "Lithology, structures, paleowind": "sandstones interbedded with sandy mudstones", "Paleoenvironment": "Continental: fluvial ", "REF (Authors, Year)": "Bilobe et al 2021", "Fossil occurrences": "Opaque phytoclasts and a low diversity palynomorph assemblage. Classopollis spp. and some Araucariacites spp., some trilete spores, including Cicatricosisporites venustus, and a few single grains of angiosperm pollen indet. Other palynomorphs include Deltoidospora spp., Echinatisporis spp., Callialasporites and Matonisporites spp.", "REF (Authors, Year)_1": "Bilobe et al 2021", "Geochemistry data": "N/A", "REF (Authors, Year)_2": "N/A", "Sediment-based climate inference (hot/cold, humid/semi-arid/desert)": null, "Fossil-based climate inference (hot/cold, humid/semi-arid/desert)": "(warm) semi arid to Arid/Humid to semi-humid", "Geochemistry-based climate inference  (hot/cold, humid/semi-arid/desert)": "N/A", "Climate assignment leading evidence": "palynoflora (low-diversity palynomorph assemblage dominated by Classopollis spp.)", "Climate_Cl": "S", "Weight": "3", "PlateID": "701", "Sediment-based climate inference (hot/cold, humid/S/desert)": null, "Fossil-based climate inference (hot/cold, humid/S/desert)": null, "Geochemistry-based climate inference  (hot/cold, humid/S/desert)": null, "PaleozonaCodigo": null, "layer": "120.00Ma_point", "path": "C:/Users/Leonardo Bachi/OneDrive/Desktop/ITT_OCEANEON/20_SETEMBRO_TABELA_FINAL/PONTOS_RETIFICADOS/120.00Ma.geojson", "winner": "H", "cluster_size": 48}, "geometry": {"type": "Point", "coordinates": [-7.276845209286369, -20.58850190373791]}}, {"type": "Feature", "properties": {"ID": "1737", "Country": "Cameroon", "Basin_Sub_": "Manfe", "Group": "Manfe", "Formation": "Cross River/Ikom-Munaya", "Member": "N/A", "Well name/ outcrop": "Akwen (Akw)", "Latitude": "5.761667", "Longitude": "9.059722", "Dating evidence": "Palinology", "REF(Authors, Year)": "Bilobe et al 2021", "Show_on_Ma": "120", "Lithology, structures, paleowind": "sandstones interbedded with sandy mudstones", "Paleoenvironment": "Continental: fluvial ", "REF (Authors, Year)": "Bilobe et al 2021", "Fossil occurrences": "palynomorphs, including Classopollis spp., Araucariacites spp., Cicatricosisporites venustus, Deltoidospora spp. and trilete spore indet", "REF (Authors, Year)_1": "Bilobe et al 2021", "Geochemistry data": "N/A", "REF (Authors, Year)_2": "N/A", "Sediment-based climate inference (hot/cold, humid/semi-arid/desert)": null, "Fossil-based climate inference (hot/cold, humid/semi-arid/desert)": "(warm) semi arid to Arid/Humid to semi-humid", "Geochemistry-based climate inference  (hot/cold, humid/semi-arid/desert)": "N/A", "Climate assignment leading evidence": "palynoflora (Classopollis spp)", "Climate_Cl": "S", "Weight": "3", "PlateID": "701", "Sediment-based climate inference (hot/cold, humid/S/desert)": null, "Fossil-based climate inference (hot/cold, humid/S/desert)": null, "Geochemistry-based climate inference  (hot/cold, humid/S/desert)": null, "PaleozonaCodigo": null, "layer": "120.00Ma_point", "path": "C:/Users/Leonardo Bachi/OneDrive/Desktop/ITT_OCEANEON/20_SETEMBRO_TABELA_FINAL/PONTOS_RETIFICADOS/120.00Ma.geojson", "winner": "H", "cluster_size": 48}, "geometry": {"type": "Point", "coordinates": [-7.332293768893216, -20.482988176770323]}}, {"type": "Feature", "properties": {"ID": "1745", "Country": "Cameroon", "Basin_Sub_": "Manfe", "Group": "Manfe", "Formation": "Baso", "Member": "N/A", "Well name/ outcrop": "Okoyong (Oky)", "Latitude": "5.723056", "Longitude": "9.341944", "Dating evidence": "Palinology", "REF(Authors, Year)": "Bilobe et al 2021", "Show_on_Ma": "120", "Lithology, structures, paleowind": "cross-stratified pebble sandstones interfingered with thinly bedded clayshale and mudstones", "Paleoenvironment": "Continental: Fluvio-lacustrine ", "REF (Authors, Year)": "Bilobe et al 2021", "Fossil occurrences": "Palynomorphs consist of gymnosperm pollen, mainly Classopollis spp. and some Araucariacites spp., some trilete spores, including Cicatricosisporites venustus, and some angiosperm pollen. The two samples contain Afropollis spp., the topmost sample (Oky2) contains additionally Trisectoris reticulatus, Echinatisporis spp., trilete spore indet, Concavisporites spp., Classopollis spp. (tetrads), Callialasporites spp., Crybelosporites spp., Deltoidospora spp. and Matonisporites spp.", "REF (Authors, Year)_1": "Bilobe et al 2021", "Geochemistry data": "N/A", "REF (Authors, Year)_2": "N/A", "Sediment-based climate inference (hot/cold, humid/semi-arid/desert)": null, "Fossil-based climate inference (hot/cold, humid/semi-arid/desert)": "(warm) semi arid to Arid/Humid to semi-humid", "Geochemistry-based climate inference  (hot/cold, humid/semi-arid/desert)": "N/A", "Climate assignment leading evidence": "palynoflora (Classopollis spp., Callialasporites spp.)", "Climate_Cl": "S", "Weight": "3", "PlateID": "701", "Sediment-based climate inference (hot/cold, humid/S/desert)": null, "Fossil-based climate inference (hot/cold, humid/S/desert)": null, "Geochemistry-based climate inference  (hot/cold, humid/S/desert)": null, "PaleozonaCodigo": null, "layer": "120.00Ma_point", "path": "C:/Users/Leonardo Bachi/OneDrive/Desktop/ITT_OCEANEON/20_SETEMBRO_TABELA_FINAL/PONTOS_RETIFICADOS/120.00Ma.geojson", "winner": "H", "cluster_size": 48}, "geometry": {"type": "Point", "coordinates": [-7.07741821912084, -20.635934915715353]}}, {"type": "Feature", "properties": {"ID": "1756", "Country": "Cameroon", "Basin_Sub_": "Manfe", "Group": "Manfe", "Formation": "Nfaitok", "Member": "N/A", "Well name/ outcrop": "Mbinjong: Mamue River (Mam)", "Latitude": "5.556111", "Longitude": "9.650278", "Dating evidence": "Palinology", "REF(Authors, Year)": "Bilobe et al 2021", "Show_on_Ma": "120", "Lithology, structures, paleowind": "siltstones, fine to coarse-grained sandstones, siltshales with ripple marks", "Paleoenvironment": "Continental: lacustrine to fluvio-deltaic", "REF (Authors, Year)": "Bilobe et al 2021", "Fossil occurrences": "Opaque phytoclasts. sporomorphs, mainly Classopollis spp. Few other palynomorphs include Araucariacites spp., Cicatricosisporites venustus, Deltoidospora spp. and Equisetosporites spp.", "REF (Authors, Year)_1": "Bilobe et al 2021", "Geochemistry data": "N/A", "REF (Authors, Year)_2": "N/A", "Sediment-based climate inference (hot/cold, humid/semi-arid/desert)": "Humid (coaly)", "Fossil-based climate inference (hot/cold, humid/semi-arid/desert)": "(warm) semi arid to Arid/Humid to semi-humid", "Geochemistry-based climate inference  (hot/cold, humid/semi-arid/desert)": "N/A", "Climate assignment leading evidence": "palynoflora (Classopollis spp.)", "Climate_Cl": "S", "Weight": "3", "PlateID": "701", "Sediment-based climate inference (hot/cold, humid/S/desert)": null, "Fossil-based climate inference (hot/cold, humid/S/desert)": null, "Geochemistry-based climate inference  (hot/cold, humid/S/desert)": null, "PaleozonaCodigo": null, "layer": "120.00Ma_point", "path": "C:/Users/Leonardo Bachi/OneDrive/Desktop/ITT_OCEANEON/20_SETEMBRO_TABELA_FINAL/PONTOS_RETIFICADOS/120.00Ma.geojson", "winner": "H", "cluster_size": 48}, "geometry": {"type": "Point", "coordinates": [-6.853943805146587, -20.91587291738414]}}, {"type": "Feature", "properties": {"ID": "1757", "Country": "Cameroon", "Basin_Sub_": "Manfe", "Group": "Manfe", "Formation": "Nfaitok", "Member": "N/A", "Well name/ outcrop": "Mbinjong: Mamue River (Mam)", "Latitude": "5.556111", "Longitude": "9.650278", "Dating evidence": "Palinology", "REF(Authors, Year)": "Bilobe et al 2021", "Show_on_Ma": "120", "Lithology, structures, paleowind": "siltstones, fine to coarse-grained sandstones, siltshales with ripple marks", "Paleoenvironment": "Continental: lacustrine to fluvio-deltaic", "REF (Authors, Year)": "Bilobe et al 2021", "Fossil occurrences": "Opaque phytoclasts. sporomorphs, mainly Classopollis spp. Few other palynomorphs include Araucariacites spp., Cicatricosisporites venustus, Deltoidospora spp. and Equisetosporites spp.", "REF (Authors, Year)_1": "Bilobe et al 2021", "Geochemistry data": "N/A", "REF (Authors, Year)_2": "N/A", "Sediment-based climate inference (hot/cold, humid/semi-arid/desert)": "Humid (coaly)", "Fossil-based climate inference (hot/cold, humid/semi-arid/desert)": "(warm) semi arid to Arid/Humid to semi-humid", "Geochemistry-based climate inference  (hot/cold, humid/semi-arid/desert)": "N/A", "Climate assignment leading evidence": "palynoflora (Classopollis spp.)", "Climate_Cl": "S", "Weight": "3", "PlateID": "701", "Sediment-based climate inference (hot/cold, humid/S/desert)": null, "Fossil-based climate inference (hot/cold, humid/S/desert)": null, "Geochemistry-based climate inference  (hot/cold, humid/S/desert)": null, "PaleozonaCodigo": null, "layer": "120.00Ma_point", "path": "C:/Users/Leonardo Bachi/OneDrive/Desktop/ITT_OCEANEON/20_SETEMBRO_TABELA_FINAL/PONTOS_RETIFICADOS/120.00Ma.geojson", "winner": "H", "cluster_size": 48}, "geometry": {"type": "Point", "coordinates": [-6.853943805146587, -20.91587291738414]}}, {"type": "Feature", "properties": {"ID": "1765", "Country": "Cameroon", "Basin_Sub_": "Manfe", "Group": "Manfe", "Formation": "Nfaitok", "Member": "N/A", "Well name/ outcrop": "Nchemba II (Nch)", "Latitude": "5.700611", "Longitude": "9.520278", "Dating evidence": "Palinology", "REF(Authors, Year)": "Bilobe et al 2021", "Show_on_Ma": "120", "Lithology, structures, paleowind": "siliceous and carbonate sandstones, siltstones and shales. ", "Paleoenvironment": "Continental: lacustrine to fluvio-deltaic", "REF (Authors, Year)": "Bilobe et al 2021", "Fossil occurrences": "tridactyl dinosaur footprints. Opaque phytoclasts, a few palynomorphs including Classopollis spp., Callialasporites spp., Cicatricosisporites venustus, Araucariacites australis", "REF (Authors, Year)_1": "Bilobe et al 2021", "Geochemistry data": "N/A", "REF (Authors, Year)_2": "N/A", "Sediment-based climate inference (hot/cold, humid/semi-arid/desert)": "Humid (coaly)", "Fossil-based climate inference (hot/cold, humid/semi-arid/desert)": "(warm) semi arid to Arid/Humid to semi-humid", "Geochemistry-based climate inference  (hot/cold, humid/semi-arid/desert)": "N/A", "Climate assignment leading evidence": "palynoflora (Classopollis spp.)", "Climate_Cl": "S", "Weight": "3", "PlateID": "701", "Sediment-based climate inference (hot/cold, humid/S/desert)": null, "Fossil-based climate inference (hot/cold, humid/S/desert)": null, "Geochemistry-based climate inference  (hot/cold, humid/S/desert)": null, "PaleozonaCodigo": null, "layer": "120.00Ma_point", "path": "C:/Users/Leonardo Bachi/OneDrive/Desktop/ITT_OCEANEON/20_SETEMBRO_TABELA_FINAL/PONTOS_RETIFICADOS/120.00Ma.geojson", "winner": "H", "cluster_size": 48}, "geometry": {"type": "Point", "coordinates": [-6.915177136554354, -20.730556988522032]}}, {"type": "Feature", "properties": {"ID": "1773", "Country": "Cameroon", "Basin_Sub_": "Manfe", "Group": "Manfe", "Formation": "Nfaitok", "Member": "N/A", "Well name/ outcrop": "Nfaitok (NFE)", "Latitude": "5.726667", "Longitude": "9.507778", "Dating evidence": "Palinology", "REF(Authors, Year)": "Bilobe et al 2021", "Show_on_Ma": "120", "Lithology, structures, paleowind": "siliceous and carbonate sandstones, siltstones and shales.", "Paleoenvironment": "Continental: lacustrine to fluvio-deltaic", "REF (Authors, Year)": "Bilobe et al 2021", "Fossil occurrences": "tridactyl dinosaur footprints. Opaque phytoclasts and/or amorphous organic matter (AOM). Classopollis spp., Classopollis spp. (tetrad) a few Araucariacites spp., Cicatricosisporites venustus, and abundant fungal remains", "REF (Authors, Year)_1": "Bilobe et al 2021", "Geochemistry data": "N/A", "REF (Authors, Year)_2": "N/A", "Sediment-based climate inference (hot/cold, humid/semi-arid/desert)": "Humid (coaly)", "Fossil-based climate inference (hot/cold, humid/semi-arid/desert)": "(warm) semi arid to Arid/Humid to semi-humid", "Geochemistry-based climate inference  (hot/cold, humid/semi-arid/desert)": "N/A", "Climate assignment leading evidence": "palynoflora (Classopollis spp., Classopollis spp. tetrad)", "Climate_Cl": "S", "Weight": "3", "PlateID": "701", "Sediment-based climate inference (hot/cold, humid/S/desert)": null, "Fossil-based climate inference (hot/cold, humid/S/desert)": null, "Geochemistry-based climate inference  (hot/cold, humid/S/desert)": null, "PaleozonaCodigo": null, "layer": "120.00Ma_point", "path": "C:/Users/Leonardo Bachi/OneDrive/Desktop/ITT_OCEANEON/20_SETEMBRO_TABELA_FINAL/PONTOS_RETIFICADOS/120.00Ma.geojson", "winner": "H", "cluster_size": 48}, "geometry": {"type": "Point", "coordinates": [-6.915621046473724, -20.701687557283652]}}, {"type": "Feature", "properties": {"ID": "1781", "Country": "Cameroon", "Basin_Sub_": "Manfe", "Group": "Manfe", "Formation": "Nfaitok", "Member": "N/A", "Well name/ outcrop": "Mamfe: John Hault (Jh)", "Latitude": "5.753889", "Longitude": "9.300378", "Dating evidence": "Palinology", "REF(Authors, Year)": "Bilobe et al 2021", "Show_on_Ma": "120", "Lithology, structures, paleowind": "siliceous and carbonate sandstones, limestones, black shales with carbonate nodules, volcanoclastics and coal beds ", "Paleoenvironment": "Continental: lacustrine to fluvio-deltaic", "REF (Authors, Year)": "Bilobe et al 2021", "Fossil occurrences": "low diversity sporomorph assemblage. Most abundant taxa are gymnosperm pollen, especially Classopollis classoides and Classopopllis spp. (tetrad), in some samples, Araucariacites spp., Concavisporites spp., Exesipollenites spp., Callialasporites spp., Equisetosporites spp. and few fungal remains were also recorded. Trilete spores are represented mainly by Deltoidospora spp. and Cicatricosisporites venustus. In two samples (Jh5 and Jh12), a few single specimens of Afropollis spp.are recorded.", "REF (Authors, Year)_1": "Bilobe et al 2021", "Geochemistry data": "N/A", "REF (Authors, Year)_2": "N/A", "Sediment-based climate inference (hot/cold, humid/semi-arid/desert)": "Humid (coaly)", "Fossil-based climate inference (hot/cold, humid/semi-arid/desert)": "(warm) semi arid to Arid/Humid to semi-humid", "Geochemistry-based climate inference  (hot/cold, humid/semi-arid/desert)": "N/A", "Climate assignment leading evidence": "palynoflora (Classopollis spp., Classopollis classoides, Classopollis spp. tetrad)", "Climate_Cl": "S", "Weight": "3", "PlateID": "701", "Sediment-based climate inference (hot/cold, humid/S/desert)": null, "Fossil-based climate inference (hot/cold, humid/S/desert)": null, "Geochemistry-based climate inference  (hot/cold, humid/S/desert)": null, "PaleozonaCodigo": null, "layer": "120.00Ma_point", "path": "C:/Users/Leonardo Bachi/OneDrive/Desktop/ITT_OCEANEON/20_SETEMBRO_TABELA_FINAL/PONTOS_RETIFICADOS/120.00Ma.geojson", "winner": "H", "cluster_size": 48}, "geometry": {"type": "Point", "coordinates": [-7.103733646714235, -20.590608724360063]}}, {"type": "Feature", "properties": {"ID": "1789", "Country": "Cameroon", "Basin_Sub_": "Manfe", "Group": "Manfe", "Formation": "Nfaitok", "Member": "N/A", "Well name/ outcrop": "Mamfe: Below Satom Bridge (Sat)", "Latitude": "5.695833", "Longitude": "9.046111", "Dating evidence": "Palinology", "REF(Authors, Year)": "Bilobe et al 2021", "Show_on_Ma": "120", "Lithology, structures, paleowind": "siliceous and carbonate sandstones, limestones, black shales with carbonate nodules, volcanoclastics and coal beds", "Paleoenvironment": "Continental: lacustrine to fluvio-deltaic", "REF (Authors, Year)": "Bilobe et al 2021", "Fossil occurrences": "Opaque phytoclasts and some amorphous organic matter (AOM). sporomorph assemblage, slightly brighter and well preserved, low diversity with Classopollis spp. Araucariacites spp.,  Cicatricosisporites venustus, Cyathidites spp., Deltoidospora spp. and Exesipollenites spp", "REF (Authors, Year)_1": "Bilobe et al 2021", "Geochemistry data": "N/A", "REF (Authors, Year)_2": "N/A", "Sediment-based climate inference (hot/cold, humid/semi-arid/desert)": "Humid (coaly)", "Fossil-based climate inference (hot/cold, humid/semi-arid/desert)": "(warm) semi arid to Arid/Humid to semi-humid", "Geochemistry-based climate inference  (hot/cold, humid/semi-arid/desert)": "N/A", "Climate assignment leading evidence": "palynoflora (Classopollis spp.)", "Climate_Cl": "S", "Weight": "3", "PlateID": "701", "Sediment-based climate inference (hot/cold, humid/S/desert)": null, "Fossil-based climate inference (hot/cold, humid/S/desert)": null, "Geochemistry-based climate inference  (hot/cold, humid/S/desert)": null, "PaleozonaCodigo": null, "layer": "120.00Ma_point", "path": "C:/Users/Leonardo Bachi/OneDrive/Desktop/ITT_OCEANEON/20_SETEMBRO_TABELA_FINAL/PONTOS_RETIFICADOS/120.00Ma.geojson", "winner": "H", "cluster_size": 48}, "geometry": {"type": "Point", "coordinates": [-7.374997518439256, -20.537004699712508]}}, {"type": "Feature", "properties": {"ID": "1797", "Country": "Cameroon", "Basin_Sub_": "Manfe", "Group": "Manfe", "Formation": "Nfaitok", "Member": "N/A", "Well name/ outcrop": "Besongabang: Bakiep River (Bes)", "Latitude": "5.699444", "Longitude": "9.304722", "Dating evidence": "Palinology", "REF(Authors, Year)": "Bilobe et al 2021", "Show_on_Ma": "120", "Lithology, structures, paleowind": "siliceous and carbonate sandstones, limestones, black shales with carbonate nodules, volcanoclastics and coal beds", "Paleoenvironment": "Continental: lacustrine to fluvio-deltaic", "REF (Authors, Year)": "Bilobe et al 2021", "Fossil occurrences": "dominated by amorphous organic matter (AOM). The most abundant taxa are gymnosperm pollen, especially Classopollis spp. Araucariacites spp., Concavisporites spp., Callialasporites spp., Eucommiidites spp. and Equisetosporites spp. Trilete spores are represented by Deltoidospora spp. and Cicatricosisporites venustus. In one of the samples (Bes5) a few specimens of Afropollis spp.", "REF (Authors, Year)_1": "Bilobe et al 2021", "Geochemistry data": "N/A", "REF (Authors, Year)_2": "N/A", "Sediment-based climate inference (hot/cold, humid/semi-arid/desert)": "Humid (coaly)", "Fossil-based climate inference (hot/cold, humid/semi-arid/desert)": "(warm) semi arid to Arid/Humid to semi-humid", "Geochemistry-based climate inference  (hot/cold, humid/semi-arid/desert)": "N/A", "Climate assignment leading evidence": "palynoflora (Classopollis spp.)", "Climate_Cl": "S", "Weight": "3", "PlateID": "701", "Sediment-based climate inference (hot/cold, humid/S/desert)": null, "Fossil-based climate inference (hot/cold, humid/S/desert)": null, "Geochemistry-based climate inference  (hot/cold, humid/S/desert)": null, "PaleozonaCodigo": null, "layer": "120.00Ma_point", "path": "C:/Users/Leonardo Bachi/OneDrive/Desktop/ITT_OCEANEON/20_SETEMBRO_TABELA_FINAL/PONTOS_RETIFICADOS/120.00Ma.geojson", "winner": "H", "cluster_size": 48}, "geometry": {"type": "Point", "coordinates": [-7.1239264979495, -20.64185071823043]}}, {"type": "Feature", "properties": {"ID": "1804", "Country": "Cameroon", "Basin_Sub_": "Manfe", "Group": "Manfe", "Formation": "Nfaitok", "Member": "N/A", "Well name/ outcrop": "Besongabang: Bakarem River (Bkp)", "Latitude": "5.69", "Longitude": "9.304722", "Dating evidence": "Palinology", "REF(Authors, Year)": "Bilobe et al 2021", "Show_on_Ma": "120", "Lithology, structures, paleowind": "siliceous and carbonate sandstones, limestones, black shales with carbonate nodules, volcanoclastics and coal beds", "Paleoenvironment": "Continental: lacustrine to fluvio-deltaic", "REF (Authors, Year)": "Bilobe et al 2021", "Fossil occurrences": "Palynomorphs consist of gymnosperm pollen, mainly Classopollis spp. and some Araucariacites spp., some trilete spores and some angiosperm pollen. The angiosperm pollen Afropollis jardinus is frequent. Other angiosperm taxa present are Stellatopollis barghoornii, questionable Retimonocolpites spp., and Trisectoris reticulatus. Other palynomorphs include some Callialasporites spp., trilete spore indet, Cicatricosisporites venustus, Concavisporites spp., Deltoidospora spp., Equisetosporites spp., Echinatisporis spp. and Matonisporites spp", "REF (Authors, Year)_1": "Bilobe et al 2021", "Geochemistry data": "N/A", "REF (Authors, Year)_2": "N/A", "Sediment-based climate inference (hot/cold, humid/semi-arid/desert)": "Humid (coaly)", "Fossil-based climate inference (hot/cold, humid/semi-arid/desert)": "(warm) semi arid to Arid/Humid to semi-humid", "Geochemistry-based climate inference  (hot/cold, humid/semi-arid/desert)": "N/A", "Climate assignment leading evidence": "palynoflora (Classopollis spp., Callialasporites spp.)", "Climate_Cl": "S", "Weight": "3", "PlateID": "701", "Sediment-based climate inference (hot/cold, humid/S/desert)": null, "Fossil-based climate inference (hot/cold, humid/S/desert)": null, "Geochemistry-based climate inference  (hot/cold, humid/S/desert)": null, "PaleozonaCodigo": null, "layer": "120.00Ma_point", "path": "C:/Users/Leonardo Bachi/OneDrive/Desktop/ITT_OCEANEON/20_SETEMBRO_TABELA_FINAL/PONTOS_RETIFICADOS/120.00Ma.geojson", "winner": "H", "cluster_size": 48}, "geometry": {"type": "Point", "coordinates": [-7.128157885058182, -20.650424542658293]}}, {"type": "Feature", "properties": {"ID": "1809", "Country": "Cameroon", "Basin_Sub_": "Manfe", "Group": "Manfe", "Formation": "Ngeme", "Member": "N/A", "Well name/ outcrop": "Etoko (Etk)", "Latitude": "5.704722", "Longitude": "9.556389", "Dating evidence": "Palinology", "REF(Authors, Year)": "Bilobe et al 2021", "Show_on_Ma": "120", "Lithology, structures, paleowind": "sandstones and clast-supported conglomerates", "Paleoenvironment": "Continental: fluvial", "REF (Authors, Year)": "Bilobe et al 2021", "Fossil occurrences": "Classopollis spp., rich in AOM, Cicatricosisporites venustus, Cicatricosisporites spp, Araucariacites spp", "REF (Authors, Year)_1": "Bilobe et al 2021", "Geochemistry data": "N/A", "REF (Authors, Year)_2": "N/A", "Sediment-based climate inference (hot/cold, humid/semi-arid/desert)": "Humid (coaly)", "Fossil-based climate inference (hot/cold, humid/semi-arid/desert)": "(warm) semi arid to Arid/Humid to semi-humid", "Geochemistry-based climate inference  (hot/cold, humid/semi-arid/desert)": "N/A", "Climate assignment leading evidence": "palynoflora (Classopollis spp.)", "Climate_Cl": "S", "Weight": "3", "PlateID": "701", "Sediment-based climate inference (hot/cold, humid/S/desert)": null, "Fossil-based climate inference (hot/cold, humid/S/desert)": null, "Geochemistry-based climate inference  (hot/cold, humid/S/desert)": null, "PaleozonaCodigo": null, "layer": "120.00Ma_point", "path": "C:/Users/Leonardo Bachi/OneDrive/Desktop/ITT_OCEANEON/20_SETEMBRO_TABELA_FINAL/PONTOS_RETIFICADOS/120.00Ma.geojson", "winner": "H", "cluster_size": 48}, "geometry": {"type": "Point", "coordinates": [-6.878431093627289, -20.74182779938709]}}, {"type": "Feature", "properties": {"ID": "2139", "Country": "Manfe", "Basin_Sub_": "Mamfe", "Group": "Cross River/Ikom-Munaya", "Formation": "N/A", "Member": null, "Well name/ outcrop": null, "Latitude": "6", "Longitude": "9.151", "Dating evidence": null, "REF(Authors, Year)": null, "Show_on_Ma": "120", "Lithology, structures, paleowind": null, "Paleoenvironment": null, "REF (Authors, Year)": null, "Fossil occurrences": null, "REF (Authors, Year)_1": null, "Geochemistry data": null, "REF (Authors, Year)_2": null, "Sediment-based climate inference (hot/cold, humid/semi-arid/desert)": null, "Fossil-based climate inference (hot/cold, humid/semi-arid/desert)": null, "Geochemistry-based climate inference  (hot/cold, humid/semi-arid/desert)": null, "Climate assignment leading evidence": null, "Climate_Cl": "S", "Weight": "3", "PlateID": "701", "Sediment-based climate inference (hot/cold, humid/S/desert)": null, "Fossil-based climate inference (hot/cold, humid/S/desert)": null, "Geochemistry-based climate inference  (hot/cold, humid/S/desert)": null, "PaleozonaCodigo": null, "layer": "120.00Ma_point", "path": "C:/Users/Leonardo Bachi/OneDrive/Desktop/ITT_OCEANEON/20_SETEMBRO_TABELA_FINAL/PONTOS_RETIFICADOS/120.00Ma.geojson", "winner": "H", "cluster_size": 48}, "geometry": {"type": "Point", "coordinates": [-7.137547079356884, -20.30486997687191]}}, {"type": "Feature", "properties": {"ID": "2141", "Country": "Manfe", "Basin_Sub_": "Mamfe", "Group": "Cross River/Ikom-Munaya", "Formation": "N/A", "Member": null, "Well name/ outcrop": null, "Latitude": "6", "Longitude": "9.059", "Dating evidence": null, "REF(Authors, Year)": null, "Show_on_Ma": "120", "Lithology, structures, paleowind": null, "Paleoenvironment": null, "REF (Authors, Year)": null, "Fossil occurrences": null, "REF (Authors, Year)_1": null, "Geochemistry data": null, "REF (Authors, Year)_2": null, "Sediment-based climate inference (hot/cold, humid/semi-arid/desert)": null, "Fossil-based climate inference (hot/cold, humid/semi-arid/desert)": null, "Geochemistry-based climate inference  (hot/cold, humid/semi-arid/desert)": null, "Climate assignment leading evidence": null, "Climate_Cl": "S", "Weight": "3", "PlateID": "701", "Sediment-based climate inference (hot/cold, humid/S/desert)": null, "Fossil-based climate inference (hot/cold, humid/S/desert)": null, "Geochemistry-based climate inference  (hot/cold, humid/S/desert)": null, "PaleozonaCodigo": null, "layer": "120.00Ma_point", "path": "C:/Users/Leonardo Bachi/OneDrive/Desktop/ITT_OCEANEON/20_SETEMBRO_TABELA_FINAL/PONTOS_RETIFICADOS/120.00Ma.geojson", "winner": "H", "cluster_size": 48}, "geometry": {"type": "Point", "coordinates": [-7.226076899840817, -20.266450256048245]}}, {"type": "Feature", "properties": {"ID": "2143", "Country": "Manfe", "Basin_Sub_": "Mamfe", "Group": "Baso", "Formation": "N/A", "Member": null, "Well name/ outcrop": null, "Latitude": "6", "Longitude": "9.341", "Dating evidence": null, "REF(Authors, Year)": null, "Show_on_Ma": "120", "Lithology, structures, paleowind": null, "Paleoenvironment": null, "REF (Authors, Year)": null, "Fossil occurrences": null, "REF (Authors, Year)_1": null, "Geochemistry data": null, "REF (Authors, Year)_2": null, "Sediment-based climate inference (hot/cold, humid/semi-arid/desert)": null, "Fossil-based climate inference (hot/cold, humid/semi-arid/desert)": null, "Geochemistry-based climate inference  (hot/cold, humid/semi-arid/desert)": null, "Climate assignment leading evidence": null, "Climate_Cl": "S", "Weight": "3", "PlateID": "701", "Sediment-based climate inference (hot/cold, humid/S/desert)": null, "Fossil-based climate inference (hot/cold, humid/S/desert)": null, "Geochemistry-based climate inference  (hot/cold, humid/S/desert)": null, "PaleozonaCodigo": null, "layer": "120.00Ma_point", "path": "C:/Users/Leonardo Bachi/OneDrive/Desktop/ITT_OCEANEON/20_SETEMBRO_TABELA_FINAL/PONTOS_RETIFICADOS/120.00Ma.geojson", "winner": "H", "cluster_size": 48}, "geometry": {"type": "Point", "coordinates": [-6.954552983522482, -20.384029800110415]}}, {"type": "Feature", "properties": {"ID": "2145", "Country": "Manfe", "Basin_Sub_": "Mamfe", "Group": "Nfaitok", "Formation": "N/A", "Member": null, "Well name/ outcrop": null, "Latitude": "6", "Longitude": "9.65", "Dating evidence": null, "REF(Authors, Year)": null, "Show_on_Ma": "120", "Lithology, structures, paleowind": null, "Paleoenvironment": null, "REF (Authors, Year)": null, "Fossil occurrences": null, "REF (Authors, Year)_1": null, "Geochemistry data": null, "REF (Authors, Year)_2": null, "Sediment-based climate inference (hot/cold, humid/semi-arid/desert)": null, "Fossil-based climate inference (hot/cold, humid/semi-arid/desert)": null, "Geochemistry-based climate inference  (hot/cold, humid/semi-arid/desert)": null, "Climate assignment leading evidence": null, "Climate_Cl": "S", "Weight": "3", "PlateID": "701", "Sediment-based climate inference (hot/cold, humid/S/desert)": null, "Fossil-based climate inference (hot/cold, humid/S/desert)": null, "Geochemistry-based climate inference  (hot/cold, humid/S/desert)": null, "PaleozonaCodigo": null, "layer": "120.00Ma_point", "path": "C:/Users/Leonardo Bachi/OneDrive/Desktop/ITT_OCEANEON/20_SETEMBRO_TABELA_FINAL/PONTOS_RETIFICADOS/120.00Ma.geojson", "winner": "H", "cluster_size": 48}, "geometry": {"type": "Point", "coordinates": [-6.656483371006384, -20.51223311233681]}}, {"type": "Feature", "properties": {"ID": "2147", "Country": "Manfe", "Basin_Sub_": "Mamfe", "Group": "Nfaitok", "Formation": "N/A", "Member": null, "Well name/ outcrop": null, "Latitude": "6", "Longitude": "9.52", "Dating evidence": null, "REF(Authors, Year)": null, "Show_on_Ma": "120", "Lithology, structures, paleowind": null, "Paleoenvironment": null, "REF (Authors, Year)": null, "Fossil occurrences": null, "REF (Authors, Year)_1": null, "Geochemistry data": null, "REF (Authors, Year)_2": null, "Sediment-based climate inference (hot/cold, humid/semi-arid/desert)": null, "Fossil-based climate inference (hot/cold, humid/semi-arid/desert)": null, "Geochemistry-based climate inference  (hot/cold, humid/semi-arid/desert)": null, "Climate assignment leading evidence": null, "Climate_Cl": "S", "Weight": "3", "PlateID": "701", "Sediment-based climate inference (hot/cold, humid/S/desert)": null, "Fossil-based climate inference (hot/cold, humid/S/desert)": null, "Geochemistry-based climate inference  (hot/cold, humid/S/desert)": null, "PaleozonaCodigo": null, "layer": "120.00Ma_point", "path": "C:/Users/Leonardo Bachi/OneDrive/Desktop/ITT_OCEANEON/20_SETEMBRO_TABELA_FINAL/PONTOS_RETIFICADOS/120.00Ma.geojson", "winner": "H", "cluster_size": 48}, "geometry": {"type": "Point", "coordinates": [-6.781954835467102, -20.458377498856194]}}, {"type": "Feature", "properties": {"ID": "2149", "Country": "Manfe", "Basin_Sub_": "Mamfe", "Group": "Nfaitok", "Formation": "N/A", "Member": null, "Well name/ outcrop": null, "Latitude": "6", "Longitude": "9.507", "Dating evidence": null, "REF(Authors, Year)": null, "Show_on_Ma": "120", "Lithology, structures, paleowind": null, "Paleoenvironment": null, "REF (Authors, Year)": null, "Fossil occurrences": null, "REF (Authors, Year)_1": null, "Geochemistry data": null, "REF (Authors, Year)_2": null, "Sediment-based climate inference (hot/cold, humid/semi-arid/desert)": null, "Fossil-based climate inference (hot/cold, humid/semi-arid/desert)": null, "Geochemistry-based climate inference  (hot/cold, humid/semi-arid/desert)": null, "Climate assignment leading evidence": null, "Climate_Cl": "S", "Weight": "3", "PlateID": "701", "Sediment-based climate inference (hot/cold, humid/S/desert)": null, "Fossil-based climate inference (hot/cold, humid/S/desert)": null, "Geochemistry-based climate inference  (hot/cold, humid/S/desert)": null, "PaleozonaCodigo": null, "layer": "120.00Ma_point", "path": "C:/Users/Leonardo Bachi/OneDrive/Desktop/ITT_OCEANEON/20_SETEMBRO_TABELA_FINAL/PONTOS_RETIFICADOS/120.00Ma.geojson", "winner": "H", "cluster_size": 48}, "geometry": {"type": "Point", "coordinates": [-6.794496386475507, -20.452985453873826]}}, {"type": "Feature", "properties": {"ID": "2151", "Country": "Manfe", "Basin_Sub_": "Mamfe", "Group": "Nfaitok", "Formation": "N/A", "Member": null, "Well name/ outcrop": null, "Latitude": "6", "Longitude": "9.3", "Dating evidence": null, "REF(Authors, Year)": null, "Show_on_Ma": "120", "Lithology, structures, paleowind": null, "Paleoenvironment": null, "REF (Authors, Year)": null, "Fossil occurrences": null, "REF (Authors, Year)_1": null, "Geochemistry data": null, "REF (Authors, Year)_2": null, "Sediment-based climate inference (hot/cold, humid/semi-arid/desert)": null, "Fossil-based climate inference (hot/cold, humid/semi-arid/desert)": null, "Geochemistry-based climate inference  (hot/cold, humid/semi-arid/desert)": null, "Climate assignment leading evidence": null, "Climate_Cl": "S", "Weight": "3", "PlateID": "701", "Sediment-based climate inference (hot/cold, humid/S/desert)": null, "Fossil-based climate inference (hot/cold, humid/S/desert)": null, "Geochemistry-based climate inference  (hot/cold, humid/S/desert)": null, "PaleozonaCodigo": null, "layer": "120.00Ma_point", "path": "C:/Users/Leonardo Bachi/OneDrive/Desktop/ITT_OCEANEON/20_SETEMBRO_TABELA_FINAL/PONTOS_RETIFICADOS/120.00Ma.geojson", "winner": "H", "cluster_size": 48}, "geometry": {"type": "Point", "coordinates": [-6.994059526152422, -20.36696910480612]}}, {"type": "Feature", "properties": {"ID": "2153", "Country": "Manfe", "Basin_Sub_": "Mamfe", "Group": "Nfaitok", "Formation": "N/A", "Member": null, "Well name/ outcrop": null, "Latitude": "6", "Longitude": "9.046", "Dating evidence": null, "REF(Authors, Year)": null, "Show_on_Ma": "120", "Lithology, structures, paleowind": null, "Paleoenvironment": null, "REF (Authors, Year)": null, "Fossil occurrences": null, "REF (Authors, Year)_1": null, "Geochemistry data": null, "REF (Authors, Year)_2": null, "Sediment-based climate inference (hot/cold, humid/semi-arid/desert)": null, "Fossil-based climate inference (hot/cold, humid/semi-arid/desert)": null, "Geochemistry-based climate inference  (hot/cold, humid/semi-arid/desert)": null, "Climate assignment leading evidence": null, "Climate_Cl": "S", "Weight": "3", "PlateID": "701", "Sediment-based climate inference (hot/cold, humid/S/desert)": null, "Fossil-based climate inference (hot/cold, humid/S/desert)": null, "Geochemistry-based climate inference  (hot/cold, humid/S/desert)": null, "PaleozonaCodigo": null, "layer": "120.00Ma_point", "path": "C:/Users/Leonardo Bachi/OneDrive/Desktop/ITT_OCEANEON/20_SETEMBRO_TABELA_FINAL/PONTOS_RETIFICADOS/120.00Ma.geojson", "winner": "H", "cluster_size": 48}, "geometry": {"type": "Point", "coordinates": [-7.238582456041463, -20.261016673772463]}}, {"type": "Feature", "properties": {"ID": "2155", "Country": "Manfe", "Basin_Sub_": "Mamfe", "Group": "Nfaitok", "Formation": "N/A", "Member": null, "Well name/ outcrop": null, "Latitude": "6", "Longitude": "9.304", "Dating evidence": null, "REF(Authors, Year)": null, "Show_on_Ma": "120", "Lithology, structures, paleowind": null, "Paleoenvironment": null, "REF (Authors, Year)": null, "Fossil occurrences": null, "REF (Authors, Year)_1": null, "Geochemistry data": null, "REF (Authors, Year)_2": null, "Sediment-based climate inference (hot/cold, humid/semi-arid/desert)": null, "Fossil-based climate inference (hot/cold, humid/semi-arid/desert)": null, "Geochemistry-based climate inference  (hot/cold, humid/semi-arid/desert)": null, "Climate assignment leading evidence": null, "Climate_Cl": "S", "Weight": "3", "PlateID": "701", "Sediment-based climate inference (hot/cold, humid/S/desert)": null, "Fossil-based climate inference (hot/cold, humid/S/desert)": null, "Geochemistry-based climate inference  (hot/cold, humid/S/desert)": null, "PaleozonaCodigo": null, "layer": "120.00Ma_point", "path": "C:/Users/Leonardo Bachi/OneDrive/Desktop/ITT_OCEANEON/20_SETEMBRO_TABELA_FINAL/PONTOS_RETIFICADOS/120.00Ma.geojson", "winner": "H", "cluster_size": 48}, "geometry": {"type": "Point", "coordinates": [-6.990205673888473, -20.368634076156944]}}, {"type": "Feature", "properties": {"ID": "2157", "Country": "Manfe", "Basin_Sub_": "Mamfe", "Group": "Nfaitok", "Formation": "N/A", "Member": null, "Well name/ outcrop": null, "Latitude": "6", "Longitude": "9.304", "Dating evidence": null, "REF(Authors, Year)": null, "Show_on_Ma": "120", "Lithology, structures, paleowind": null, "Paleoenvironment": null, "REF (Authors, Year)": null, "Fossil occurrences": null, "REF (Authors, Year)_1": null, "Geochemistry data": null, "REF (Authors, Year)_2": null, "Sediment-based climate inference (hot/cold, humid/semi-arid/desert)": null, "Fossil-based climate inference (hot/cold, humid/semi-arid/desert)": null, "Geochemistry-based climate inference  (hot/cold, humid/semi-arid/desert)": null, "Climate assignment leading evidence": null, "Climate_Cl": "S", "Weight": "3", "PlateID": "701", "Sediment-based climate inference (hot/cold, humid/S/desert)": null, "Fossil-based climate inference (hot/cold, humid/S/desert)": null, "Geochemistry-based climate inference  (hot/cold, humid/S/desert)": null, "PaleozonaCodigo": null, "layer": "120.00Ma_point", "path": "C:/Users/Leonardo Bachi/OneDrive/Desktop/ITT_OCEANEON/20_SETEMBRO_TABELA_FINAL/PONTOS_RETIFICADOS/120.00Ma.geojson", "winner": "H", "cluster_size": 48}, "geometry": {"type": "Point", "coordinates": [-6.990205673888473, -20.368634076156944]}}, {"type": "Feature", "properties": {"ID": "2159", "Country": "Manfe", "Basin_Sub_": "Mamfe", "Group": "Ngeme", "Formation": "N/A", "Member": null, "Well name/ outcrop": null, "Latitude": "6", "Longitude": "9.556", "Dating evidence": null, "REF(Authors, Year)": null, "Show_on_Ma": "120", "Lithology, structures, paleowind": null, "Paleoenvironment": null, "REF (Authors, Year)": null, "Fossil occurrences": null, "REF (Authors, Year)_1": null, "Geochemistry data": null, "REF (Authors, Year)_2": null, "Sediment-based climate inference (hot/cold, humid/semi-arid/desert)": null, "Fossil-based climate inference (hot/cold, humid/semi-arid/desert)": null, "Geochemistry-based climate inference  (hot/cold, humid/semi-arid/desert)": null, "Climate assignment leading evidence": null, "Climate_Cl": "S", "Weight": "3", "PlateID": "701", "Sediment-based climate inference (hot/cold, humid/S/desert)": null, "Fossil-based climate inference (hot/cold, humid/S/desert)": null, "Geochemistry-based climate inference  (hot/cold, humid/S/desert)": null, "PaleozonaCodigo": null, "layer": "120.00Ma_point", "path": "C:/Users/Leonardo Bachi/OneDrive/Desktop/ITT_OCEANEON/20_SETEMBRO_TABELA_FINAL/PONTOS_RETIFICADOS/120.00Ma.geojson", "winner": "H", "cluster_size": 48}, "geometry": {"type": "Point", "coordinates": [-6.747219078364385, -20.47330316787931]}}, {"type": "Feature", "properties": {"ID": "2326", "Country": "Nigeria", "Basin_Sub_": "Yola", "Group": "N/A", "Formation": "Bima", "Member": "N/A", "Well name/ outcrop": "Bollere River", "Latitude": "9.586", "Longitude": "11.536", "Dating evidence": "N/A", "REF(Authors, Year)": "N/A", "Show_on_Ma": "120", "Lithology, structures, paleowind": "i) Lower Bima - fault controlled conglomerates, sands and gravels with poorly defined internal structures, and characterized by well-defined fining-upward successions. Trough cross beds are common in association with minor tabular units. Red, grey and dark clay/shales with fine to medium grained sandstones were reported as lacustrine deposit; ii) Middle Bima ?medium to very coarse grained feldspathic sandstones with trough and tabular cross bedding interbedded with clays; iii) Upper Bima - planar cross bedded, medium to coarse grained sandstone that shows soft sediment deformation structures.", "Paleoenvironment": "Continental: i) Lower Bima ?lacustrine, marginal lacustrine, alluvial-braided; ii) Middle Bima ?fluvial braided; iii) Upper Bima - fluvial braided", "REF (Authors, Year)": "Sarki Yandoka et al., 2015a", "Fossil occurrences": "N/A", "REF (Authors, Year)_1": "N/A", "Geochemistry data": "Organic geochemical: The n-alkane patterns of the analysed shale samples show a bimodal distribution with a predominance of long-chain n-alkanes molecular weight compounds (n-C22-n-C28), indicating mixed organic matter with a significant contribution of terrestrial organic matter. The Tm/Ts ratios of 1.3e1.8 in the samples further indicate that the samples contain a mixture of aquatic organic matter and land plants. In most of the analysed samples, the C27 and C29 steranes predominate over the C28 steranes, reflecting a mixed contribution of aquatic algae and microorganisms with a significant amount of land plant as indicated by the regular sterane ratio ternary diagram. The Pr/Ph ratios (1.04-1.90) of the organic matter in the Bima shale sediments suggest deposition under sub-oxic to relatively anoxic conditions. The shale samples have low Sr/Ba ratio (avg. 0.24), indicating low salinity water during sedimentation. Inorganic geochemical: The Sr/Cu ratios of the studied shales (average 6.4) indicate a hot-arid climate. ", "REF (Authors, Year)_2": "Sarki Yandoka et al., 2015a", "Sediment-based climate inference (hot/cold, humid/semi-arid/desert)": "semi-arid", "Fossil-based climate inference (hot/cold, humid/semi-arid/desert)": "N/A", "Geochemistry-based climate inference  (hot/cold, humid/semi-arid/desert)": "semi-arid", "Climate assignment leading evidence": "Alluvial - fluvial braided and Sr/Cu ratios", "Climate_Cl": "S", "Weight": "5", "PlateID": "714", "Sediment-based climate inference (hot/cold, humid/S/desert)": null, "Fossil-based climate inference (hot/cold, humid/S/desert)": null, "Geochemistry-based climate inference  (hot/cold, humid/S/desert)": null, "PaleozonaCodigo": null, "layer": "120.00Ma_point", "path": "C:/Users/Leonardo Bachi/OneDrive/Desktop/ITT_OCEANEON/20_SETEMBRO_TABELA_FINAL/PONTOS_RETIFICADOS/120.00Ma.geojson", "winner": "H", "cluster_size": 13}, "geometry": {"type": "Point", "coordinates": [-3.170639830887403, -18.148958083279606]}}, {"type": "Feature", "properties": {"ID": "2590", "Country": "Senegal", "Basin_Sub_": "Senegal", "Group": "N/A", "Formation": "N/A", "Member": "N/A", "Well name/ outcrop": "N/A", "Latitude": "14.794", "Longitude": "-16.51", "Dating evidence": "N/A", "REF(Authors, Year)": "Salard-Cheboldaeff etal. 1992", "Show_on_Ma": "120", "Lithology, structures, paleowind": "N/A", "Paleoenvironment": "N/A", "REF (Authors, Year)": "N/A", "Fossil occurrences": "Strong angiosperm radiation; Gramineae and especially Palmaceae become frequent; decreasing chlamydosperms; Myrtaceae and Proteaceae-related pollen", "REF (Authors, Year)_1": "Salard-Cheboldaeff et al., 1991", "Geochemistry data": "N/A", "REF (Authors, Year)_2": "N/A", "Sediment-based climate inference (hot/cold, humid/semi-arid/desert)": "N/A", "Fossil-based climate inference (hot/cold, humid/semi-arid/desert)": "Humid", "Geochemistry-based climate inference  (hot/cold, humid/semi-arid/desert)": "N/A", "Climate assignment leading evidence": "expansion of angiosperms and palms", "Climate_Cl": "H", "Weight": "2", "PlateID": "714", "Sediment-based climate inference (hot/cold, humid/S/desert)": null, "Fossil-based climate inference (hot/cold, humid/S/desert)": null, "Geochemistry-based climate inference  (hot/cold, humid/S/desert)": null, "PaleozonaCodigo": null, "layer": "120.00Ma_point", "path": "C:/Users/Leonardo Bachi/OneDrive/Desktop/ITT_OCEANEON/20_SETEMBRO_TABELA_FINAL/PONTOS_RETIFICADOS/120.00Ma.geojson", "winner": "S", "cluster_size": 4}, "geometry": {"type": "Point", "coordinates": [-25.539906150829967, -0.975625628560458]}}, {"type": "Feature", "properties": {"ID": "2660", "Country": "Tunisia", "Basin_Sub_": "Tataouine", "Group": "N/A", "Formation": "A? El Guettar", "Member": "Oum Ed Dhiab", "Well name/ outcrop": "Remada region", "Latitude": "32.329", "Longitude": "10.189", "Dating evidence": "Biostratigraphy: Vertebrates", "REF(Authors, Year)": "  Dridi 2022", "Show_on_Ma": "120", "Lithology, structures, paleowind": "cross-bedded sandstones and conglomerates", "Paleoenvironment": "Coastal: ?uvio-deltaic discharges interbedded with foreshore deposits, supporting intervals of tidal in?uence", "REF (Authors, Year)": "  Dridi 2022", "Fossil occurrences": "Therepoda: Spinosauridae, TherepodaCarcharodontosauridae, ?Deltadromeus, Crocodylomorpha: Sarcosuchus sp., Araripesuchus sp., Crocodylomorpha indet., Testudines: Pleurodira indet. Pterosauria: Ornithocheiroidea indet., Osteichthyes: Mawsonia sp., Lepidotes sp., Equinoxiodus sp., Asiatoceradus cf. tiguidiensis, Neoceratodus africanus, Ceratodus sp., Chondrichthyes: Hybodus sp., Lissodus sp., Diabodus tataouinensis", "REF (Authors, Year)_1": "  Dridi 2022", "Geochemistry data": "N/A", "REF (Authors, Year)_2": "N/A", "Sediment-based climate inference (hot/cold, humid/semi-arid/desert)": "N/A", "Fossil-based climate inference (hot/cold, humid/semi-arid/desert)": "humid", "Geochemistry-based climate inference  (hot/cold, humid/semi-arid/desert)": "N/A", "Climate assignment leading evidence": "Coprolites show smooth surfaces that are completely free from any sign of desiccation marks", "Climate_Cl": "H", "Weight": "1", "PlateID": "715", "Sediment-based climate inference (hot/cold, humid/S/desert)": null, "Fossil-based climate inference (hot/cold, humid/S/desert)": null, "Geochemistry-based climate inference  (hot/cold, humid/S/desert)": null, "PaleozonaCodigo": null, "layer": "120.00Ma_point", "path": "C:/Users/Leonardo Bachi/OneDrive/Desktop/ITT_OCEANEON/20_SETEMBRO_TABELA_FINAL/PONTOS_RETIFICADOS/120.00Ma.geojson", "winner": "S", "cluster_size": 41}, "geometry": {"type": "Point", "coordinates": [4.167055421913915, 3.378582058578815]}}, {"type": "Feature", "properties": {"ID": "2792", "Country": "Tunisia", "Basin_Sub_": "N/A", "Group": "Asfer", "Formation": "Boulouha", "Member": "N/A", "Well name/ outcrop": "collines du Jebel Merbah el Asfer", "Latitude": "32.839", "Longitude": "10.453", "Dating evidence": "Biostratigraphy: brachiopod", "REF(Authors, Year)": "Barale&Ouaja 2002", "Show_on_Ma": "120", "Lithology, structures, paleowind": "Level of red, wine-colored clays,  Carbonate bars,  dolomite", "Paleoenvironment": "Coastal: marginal-marine with  continental influence.", "REF (Authors, Year)": "Barale&Ouaja 2002", "Fossil occurrences": "brachiopod: Loriolithyris russillensis; Plant: Selaginellites sp., Plant: Onychiopsis psilotoides, Daharia tunisiensis, Brachyphyllum sp., Podozamites sp., Araucarites sp.", "REF (Authors, Year)_1": "Barale&Ouaja 2002", "Geochemistry data": "N/A", "REF (Authors, Year)_2": "N/A", "Sediment-based climate inference (hot/cold, humid/semi-arid/desert)": "hot", "Fossil-based climate inference (hot/cold, humid/semi-arid/desert)": "humid", "Geochemistry-based climate inference  (hot/cold, humid/semi-arid/desert)": "N/A", "Climate assignment leading evidence": "Tropical with periods of drought and humidity.", "Climate_Cl": "H", "Weight": "2", "PlateID": "715", "Sediment-based climate inference (hot/cold, humid/S/desert)": null, "Fossil-based climate inference (hot/cold, humid/S/desert)": null, "Geochemistry-based climate inference  (hot/cold, humid/S/desert)": null, "PaleozonaCodigo": null, "layer": "120.00Ma_point", "path": "C:/Users/Leonardo Bachi/OneDrive/Desktop/ITT_OCEANEON/20_SETEMBRO_TABELA_FINAL/PONTOS_RETIFICADOS/120.00Ma.geojson", "winner": "S", "cluster_size": 41}, "geometry": {"type": "Point", "coordinates": [4.567019116833923, 3.766180718228823]}}, {"type": "Feature", "properties": {"ID": "2794", "Country": "Tunisia", "Basin_Sub_": "Tataouine", "Group": "Merbah el Asfer", "Formation": "Douiret", "Member": "Douiret Sand", "Well name/ outcrop": "Oum ed Diab", "Latitude": "32.678", "Longitude": "10.195", "Dating evidence": "N/A", "REF(Authors, Year)": "Fanti etal. 2012", "Show_on_Ma": "120", "Lithology, structures, paleowind": "coarse-grained crosbedded sandstones and conglomerates", "Paleoenvironment": "Continental to coastal: lower delta plain distributary channels", "REF (Authors, Year)": "Fanti etal. 2012", "Fossil occurrences": "Elasmobranchs, Actynopterygians, Turtles, Crocodyloforms remains, Pterossaurs, Dinossaurs, bivalvs", "REF (Authors, Year)_1": "Fanti etal. 2012", "Geochemistry data": "N/A", "REF (Authors, Year)_2": "N/A", "Sediment-based climate inference (hot/cold, humid/semi-arid/desert)": "humid", "Fossil-based climate inference (hot/cold, humid/semi-arid/desert)": "humid", "Geochemistry-based climate inference  (hot/cold, humid/semi-arid/desert)": "N/A", "Climate assignment leading evidence": "lithology and fossil assemblage", "Climate_Cl": "H", "Weight": "4", "PlateID": "715", "Sediment-based climate inference (hot/cold, humid/S/desert)": null, "Fossil-based climate inference (hot/cold, humid/S/desert)": null, "Geochemistry-based climate inference  (hot/cold, humid/S/desert)": null, "PaleozonaCodigo": null, "layer": "120.00Ma_point", "path": "C:/Users/Leonardo Bachi/OneDrive/Desktop/ITT_OCEANEON/20_SETEMBRO_TABELA_FINAL/PONTOS_RETIFICADOS/120.00Ma.geojson", "winner": "S", "cluster_size": 41}, "geometry": {"type": "Point", "coordinates": [4.30465189666892, 3.699465224670686]}}, {"type": "Feature", "properties": {"ID": "2796", "Country": "Tunisia", "Basin_Sub_": "Tataouine", "Group": "Merbah el Asfer", "Formation": "Douiret", "Member": "Douiret Sand", "Well name/ outcrop": "Al Asfer", "Latitude": "32.678", "Longitude": "10.413", "Dating evidence": "N/A", "REF(Authors, Year)": "Fanti etal. 2012", "Show_on_Ma": "120", "Lithology, structures, paleowind": " coarse-grained crosbedded sandstones and conglomerates", "Paleoenvironment": "Continental to coastal: lower delta plain distributary channels", "REF (Authors, Year)": "Fanti etal. 2012", "Fossil occurrences": "Elasmobranchs, Actynopterygians, Turtles, Crocodyloforms remains, Pterossaurs, Dinossaurs, bivalvs", "REF (Authors, Year)_1": "Fanti etal. 2012", "Geochemistry data": "N/A", "REF (Authors, Year)_2": "N/A", "Sediment-based climate inference (hot/cold, humid/semi-arid/desert)": "humid", "Fossil-based climate inference (hot/cold, humid/semi-arid/desert)": "humid", "Geochemistry-based climate inference  (hot/cold, humid/semi-arid/desert)": "N/A", "Climate assignment leading evidence": "lithology and fossil assemblage", "Climate_Cl": "H", "Weight": "4", "PlateID": "715", "Sediment-based climate inference (hot/cold, humid/S/desert)": null, "Fossil-based climate inference (hot/cold, humid/S/desert)": null, "Geochemistry-based climate inference  (hot/cold, humid/S/desert)": null, "PaleozonaCodigo": null, "layer": "120.00Ma_point", "path": "C:/Users/Leonardo Bachi/OneDrive/Desktop/ITT_OCEANEON/20_SETEMBRO_TABELA_FINAL/PONTOS_RETIFICADOS/120.00Ma.geojson", "winner": "S", "cluster_size": 41}, "geometry": {"type": "Point", "coordinates": [4.474784153433393, 3.629869887246994]}}, {"type": "Feature", "properties": {"ID": "2802", "Country": "Tunisia", "Basin_Sub_": "Tataouine", "Group": "Merbah el Asfer", "Formation": "Douiret", "Member": "Douiret Sand", "Well name/ outcrop": "Jar Jar", "Latitude": "32.737", "Longitude": "10.296", "Dating evidence": "N/A", "REF(Authors, Year)": "Fanti etal. 2012", "Show_on_Ma": "120", "Lithology, structures, paleowind": "coarse-grained crosbedded sandstones and conglomerates", "Paleoenvironment": "Continental to coastal: lower delta plain distributary channels", "REF (Authors, Year)": "Fanti etal. 2012", "Fossil occurrences": "Elasmobranchs, Actynopterygians, Turtles, Crocodyloforms remains, Pterossaurs, Dinossaurs, bivalvs", "REF (Authors, Year)_1": "Fanti etal. 2012", "Geochemistry data": "N/A", "REF (Authors, Year)_2": "N/A", "Sediment-based climate inference (hot/cold, humid/semi-arid/desert)": "humid", "Fossil-based climate inference (hot/cold, humid/semi-arid/desert)": "humid", "Geochemistry-based climate inference  (hot/cold, humid/semi-arid/desert)": "N/A", "Climate assignment leading evidence": "lithology and fossil assemblage", "Climate_Cl": "H", "Weight": "4", "PlateID": "715", "Sediment-based climate inference (hot/cold, humid/S/desert)": null, "Fossil-based climate inference (hot/cold, humid/S/desert)": null, "Geochemistry-based climate inference  (hot/cold, humid/S/desert)": null, "PaleozonaCodigo": null, "layer": "120.00Ma_point", "path": "C:/Users/Leonardo Bachi/OneDrive/Desktop/ITT_OCEANEON/20_SETEMBRO_TABELA_FINAL/PONTOS_RETIFICADOS/120.00Ma.geojson", "winner": "S", "cluster_size": 41}, "geometry": {"type": "Point", "coordinates": [4.405888529143652, 3.721772038090461]}}, {"type": "Feature", "properties": {"ID": "2806", "Country": "Tunisia", "Basin_Sub_": "Tataouine", "Group": "Merbah el Asfer", "Formation": "Douiret", "Member": "Douiret Sand", "Well name/ outcrop": "Jebel Haddada", "Latitude": "32.953", "Longitude": "10.29", "Dating evidence": "N/A", "REF(Authors, Year)": "Fanti etal. 2012", "Show_on_Ma": "120", "Lithology, structures, paleowind": "coarse-grained crosbedded sandstones and conglomerates", "Paleoenvironment": "Continental to coastal: lower delta plain distributary channels", "REF (Authors, Year)": "Fanti etal. 2012", "Fossil occurrences": "Elasmobranchs, Actynopterygians, Turtles, Crocodyloforms remains, Pterossaurs, Dinossaurs, bivalvs", "REF (Authors, Year)_1": "Fanti etal. 2012", "Geochemistry data": "N/A", "REF (Authors, Year)_2": "N/A", "Sediment-based climate inference (hot/cold, humid/semi-arid/desert)": "humid", "Fossil-based climate inference (hot/cold, humid/semi-arid/desert)": "humid", "Geochemistry-based climate inference  (hot/cold, humid/semi-arid/desert)": "N/A", "Climate assignment leading evidence": "lithology and fossil assemblage", "Climate_Cl": "H", "Weight": "4", "PlateID": "7701", "Sediment-based climate inference (hot/cold, humid/S/desert)": null, "Fossil-based climate inference (hot/cold, humid/S/desert)": null, "Geochemistry-based climate inference  (hot/cold, humid/S/desert)": null, "PaleozonaCodigo": null, "layer": "120.00Ma_point", "path": "C:/Users/Leonardo Bachi/OneDrive/Desktop/ITT_OCEANEON/20_SETEMBRO_TABELA_FINAL/PONTOS_RETIFICADOS/120.00Ma.geojson", "winner": "S", "cluster_size": 41}, "geometry": {"type": "Point", "coordinates": [4.483354299538066, 3.923532150528823]}}, {"type": "Feature", "properties": {"ID": "2810", "Country": "Tunisia", "Basin_Sub_": "Tataouine", "Group": "Merbah el Asfer", "Formation": "Douiret", "Member": "Douiret Sand ", "Well name/ outcrop": "Oued El Khil", "Latitude": "33.184", "Longitude": "10.26", "Dating evidence": "N/A", "REF(Authors, Year)": "Fanti etal. 2012", "Show_on_Ma": "120", "Lithology, structures, paleowind": "coarse-grained crosbedded sandstones and conglomerates", "Paleoenvironment": "Continental to coastal: lower delta plain distributary channels", "REF (Authors, Year)": "Fanti etal. 2012", "Fossil occurrences": "Elasmobranchs, Actynopterygians, Turtles, Crocodyloforms remains, Pterossaurs, Dinossaurs, bivalvs", "REF (Authors, Year)_1": "Fanti etal. 2012", "Geochemistry data": "N/A", "REF (Authors, Year)_2": "N/A", "Sediment-based climate inference (hot/cold, humid/semi-arid/desert)": "humid", "Fossil-based climate inference (hot/cold, humid/semi-arid/desert)": "humid", "Geochemistry-based climate inference  (hot/cold, humid/semi-arid/desert)": "N/A", "Climate assignment leading evidence": "lithology and fossil assemblage", "Climate_Cl": "H", "Weight": "4", "PlateID": "7701", "Sediment-based climate inference (hot/cold, humid/S/desert)": null, "Fossil-based climate inference (hot/cold, humid/S/desert)": null, "Geochemistry-based climate inference  (hot/cold, humid/S/desert)": null, "PaleozonaCodigo": null, "layer": "120.00Ma_point", "path": "C:/Users/Leonardo Bachi/OneDrive/Desktop/ITT_OCEANEON/20_SETEMBRO_TABELA_FINAL/PONTOS_RETIFICADOS/120.00Ma.geojson", "winner": "S", "cluster_size": 41}, "geometry": {"type": "Point", "coordinates": [4.547959841530173, 4.146780539662853]}}, {"type": "Feature", "properties": {"ID": "2843", "Country": "Tunisia", "Basin_Sub_": "N/A", "Group": "N/A", "Formation": "Kebar", "Member": "lower member", "Well name/ outcrop": "Jebel Ksa?a", "Latitude": "34.979", "Longitude": "9.612", "Dating evidence": "Biostratigraphy: Charophytes", "REF(Authors, Year)": "Trabelsi etal 2016", "Show_on_Ma": "120", "Lithology, structures, paleowind": "N/A", "Paleoenvironment": "N/A", "REF (Authors, Year)": "N/A", "Fossil occurrences": "Charophytes: Prochara maxima, Shaerochara verticillata var. verticillata, Mesochara paragranulifera, M. magna, Clavator harrisii var harrisii, Echinochara pechkii var lazarii", "REF (Authors, Year)_1": "Trabelsi etal 2016", "Geochemistry data": "N/A", "REF (Authors, Year)_2": "N/A", "Sediment-based climate inference (hot/cold, humid/semi-arid/desert)": "N/A", "Fossil-based climate inference (hot/cold, humid/semi-arid/desert)": "Hot, humid to semi-arid", "Geochemistry-based climate inference  (hot/cold, humid/semi-arid/desert)": "N/A", "Climate assignment leading evidence": "Charophytes (association is more consistent with a positive fluid balance)", "Climate_Cl": "H", "Weight": "2", "PlateID": "7701", "Sediment-based climate inference (hot/cold, humid/S/desert)": null, "Fossil-based climate inference (hot/cold, humid/S/desert)": null, "Geochemistry-based climate inference  (hot/cold, humid/S/desert)": null, "PaleozonaCodigo": null, "layer": "120.00Ma_point", "path": "C:/Users/Leonardo Bachi/OneDrive/Desktop/ITT_OCEANEON/20_SETEMBRO_TABELA_FINAL/PONTOS_RETIFICADOS/120.00Ma.geojson", "winner": "S", "cluster_size": 41}, "geometry": {"type": "Point", "coordinates": [4.740195204403872, 6.010474148642731]}}, {"type": "Feature", "properties": {"ID": "2844", "Country": "Tunisia", "Basin_Sub_": "N/A", "Group": "N/A", "Formation": "Kebar", "Member": "lower member", "Well name/ outcrop": "Jebel Ksa?a", "Latitude": "34.979", "Longitude": "9.612", "Dating evidence": "Biostratigraphy: Ostracod", "REF(Authors, Year)": "Trabelsi etal 2015", "Show_on_Ma": "120", "Lithology, structures, paleowind": "marly limestone", "Paleoenvironment": "Marine: marginal inner shelf", "REF (Authors, Year)": "Trabelsi etal 2015", "Fossil occurrences": "Ostracod: Perissocytheridae tunisiatlasica, Harbinia cf. dimorphica, Hourquia? Aff. Bateke, Damonella aff. Grandiensis, Cypridea tenuis, C. cf. clavata, Alicenula leguminella, Vecticypris polita ", "REF (Authors, Year)_1": "Trabelsi etal 2015", "Geochemistry data": "N/A", "REF (Authors, Year)_2": "N/A", "Sediment-based climate inference (hot/cold, humid/semi-arid/desert)": "Hot", "Fossil-based climate inference (hot/cold, humid/semi-arid/desert)": "N/A", "Geochemistry-based climate inference  (hot/cold, humid/semi-arid/desert)": "N/A", "Climate assignment leading evidence": "Ostracods", "Climate_Cl": "H", "Weight": "2", "PlateID": "7701", "Sediment-based climate inference (hot/cold, humid/S/desert)": null, "Fossil-based climate inference (hot/cold, humid/S/desert)": null, "Geochemistry-based climate inference  (hot/cold, humid/S/desert)": null, "PaleozonaCodigo": null, "layer": "120.00Ma_point", "path": "C:/Users/Leonardo Bachi/OneDrive/Desktop/ITT_OCEANEON/20_SETEMBRO_TABELA_FINAL/PONTOS_RETIFICADOS/120.00Ma.geojson", "winner": "S", "cluster_size": 41}, "geometry": {"type": "Point", "coordinates": [4.740195204403872, 6.010474148642731]}}, {"type": "Feature", "properties": {"ID": "2845", "Country": "Tunisia", "Basin_Sub_": "N/A", "Group": "N/A", "Formation": "Kebar", "Member": "lower member", "Well name/ outcrop": "Jebel Ksa?a", "Latitude": "34.979", "Longitude": "9.612", "Dating evidence": "Biostratigraphy: Ostracod", "REF(Authors, Year)": "Trabelsi etal 2015", "Show_on_Ma": "120", "Lithology, structures, paleowind": "N/A", "Paleoenvironment": "Coastal: lagoon (brackish-water) ", "REF (Authors, Year)": "Trabelsi etal 2015", "Fossil occurrences": "Families Cytherideidae: Perissocytheridae tunisiatlasica;  Cyprididae: Harbinia cf. dimorphica, H. sp., Hourcquia aff. bateke", "REF (Authors, Year)_1": "Trabelsi etal 2015", "Geochemistry data": "N/A", "REF (Authors, Year)_2": "N/A", "Sediment-based climate inference (hot/cold, humid/semi-arid/desert)": "Hot, humid", "Fossil-based climate inference (hot/cold, humid/semi-arid/desert)": "N/A", "Geochemistry-based climate inference  (hot/cold, humid/semi-arid/desert)": "N/A", "Climate assignment leading evidence": "Ostracods", "Climate_Cl": "H", "Weight": "1", "PlateID": "7701", "Sediment-based climate inference (hot/cold, humid/S/desert)": null, "Fossil-based climate inference (hot/cold, humid/S/desert)": null, "Geochemistry-based climate inference  (hot/cold, humid/S/desert)": null, "PaleozonaCodigo": null, "layer": "120.00Ma_point", "path": "C:/Users/Leonardo Bachi/OneDrive/Desktop/ITT_OCEANEON/20_SETEMBRO_TABELA_FINAL/PONTOS_RETIFICADOS/120.00Ma.geojson", "winner": "S", "cluster_size": 41}, "geometry": {"type": "Point", "coordinates": [4.740195204403872, 6.010474148642731]}}, {"type": "Feature", "properties": {"ID": "2846", "Country": "Tunisia", "Basin_Sub_": "N/A", "Group": "N/A", "Formation": "Kebar", "Member": "upper member", "Well name/ outcrop": "Jebel Ksa?a", "Latitude": "34.979", "Longitude": "9.612", "Dating evidence": "Biostratigraphy: Ostracod", "REF(Authors, Year)": "Trabelsi etal 2015", "Show_on_Ma": "120", "Lithology, structures, paleowind": "limestone bed", "Paleoenvironment": "Coastal: Lagoon-lacustrine (Mixed brackish-freshwater)", "REF (Authors, Year)": "Trabelsi etal 2015", "Fossil occurrences": "Families Cytherideidae: Perissocytheridae tunisiatlasica;  Cyprididae: Harbinia cf. dimorphica, H. sp., Hourcquia aff. bateke", "REF (Authors, Year)_1": "Trabelsi etal 2015", "Geochemistry data": "N/A", "REF (Authors, Year)_2": "N/A", "Sediment-based climate inference (hot/cold, humid/semi-arid/desert)": "Hot, humid", "Fossil-based climate inference (hot/cold, humid/semi-arid/desert)": "N/A", "Geochemistry-based climate inference  (hot/cold, humid/semi-arid/desert)": "N/A", "Climate assignment leading evidence": "Ostracods", "Climate_Cl": "H", "Weight": "2", "PlateID": "7701", "Sediment-based climate inference (hot/cold, humid/S/desert)": null, "Fossil-based climate inference (hot/cold, humid/S/desert)": null, "Geochemistry-based climate inference  (hot/cold, humid/S/desert)": null, "PaleozonaCodigo": null, "layer": "120.00Ma_point", "path": "C:/Users/Leonardo Bachi/OneDrive/Desktop/ITT_OCEANEON/20_SETEMBRO_TABELA_FINAL/PONTOS_RETIFICADOS/120.00Ma.geojson", "winner": "S", "cluster_size": 41}, "geometry": {"type": "Point", "coordinates": [4.740195204403872, 6.010474148642731]}}, {"type": "Feature", "properties": {"ID": "2849", "Country": "Tunisia", "Basin_Sub_": "N/A", "Group": "N/A", "Formation": "Kebar", "Member": "upper member", "Well name/ outcrop": "Jebel Ksa?a", "Latitude": "34.979", "Longitude": "9.612", "Dating evidence": "Biostratigraphy: Charophyte biozones", "REF(Authors, Year)": "Trabelsi etal. 2016", "Show_on_Ma": "120", "Lithology, structures, paleowind": "Clay, Marl, Polygenic breccia,Calcrete, Limestone, Dolostone, Sadstone", "Paleoenvironment": "Continental: lacustrine (fresh to brackish water)", "REF (Authors, Year)": "Trabelsi etal. 2016", "Fossil occurrences": "Clavator grovesii lusitanicus biozone; Charophytes: Porochara maxima, Sphaerochara verticillata var. verticillata, S. verticillata var. kebariensis, Mesochara paragranulifera, M. magna, Atopochara trivolvis var. triqueta, A. trivolvis var. trivolvis, Clavator harrisii var. harrissi, C. harrissi var. reyi, C. harrisii var. zavialensis, Echinochara peckii var. lazarii; Ostracods; Gastropods", "REF (Authors, Year)_1": "Trabelsi etal. 2016", "Geochemistry data": "N/A", "REF (Authors, Year)_2": "N/A", "Sediment-based climate inference (hot/cold, humid/semi-arid/desert)": "hot", "Fossil-based climate inference (hot/cold, humid/semi-arid/desert)": "humid ", "Geochemistry-based climate inference  (hot/cold, humid/semi-arid/desert)": "N/A", "Climate assignment leading evidence": "Charophytes (Sphaerochara, Mesochara, Atopochara, Clavator, Porochara and Echinochara)", "Climate_Cl": "H", "Weight": "3", "PlateID": "7701", "Sediment-based climate inference (hot/cold, humid/S/desert)": null, "Fossil-based climate inference (hot/cold, humid/S/desert)": null, "Geochemistry-based climate inference  (hot/cold, humid/S/desert)": null, "PaleozonaCodigo": null, "layer": "120.00Ma_point", "path": "C:/Users/Leonardo Bachi/OneDrive/Desktop/ITT_OCEANEON/20_SETEMBRO_TABELA_FINAL/PONTOS_RETIFICADOS/120.00Ma.geojson", "winner": "S", "cluster_size": 41}, "geometry": {"type": "Point", "coordinates": [4.740195204403872, 6.010474148642731]}}, {"type": "Feature", "properties": {"ID": "2854", "Country": "Tunisia", "Basin_Sub_": "N/A", "Group": "N/A", "Formation": "Kebar", "Member": "lower member", "Well name/ outcrop": "Jebel Koumine", "Latitude": "35.124", "Longitude": "9.138", "Dating evidence": "Biostratigraphy: Charophytes", "REF(Authors, Year)": "Trabelsi etal 2016", "Show_on_Ma": "120", "Lithology, structures, paleowind": "N/A", "Paleoenvironment": "N/A", "REF (Authors, Year)": "N/A", "Fossil occurrences": "Charophytes: Sphaerochara verticillata var. verticillata, Globator maillardii var. trochilscoides, G. m. var. biutricularis, Atopochra trivolvis var. triquetra (Adv.), Clavator harrisii var harrisii , Ascidiella iberica var. inflata", "REF (Authors, Year)_1": "Trabelsi etal 2016", "Geochemistry data": "N/A", "REF (Authors, Year)_2": "N/A", "Sediment-based climate inference (hot/cold, humid/semi-arid/desert)": "N/A", "Fossil-based climate inference (hot/cold, humid/semi-arid/desert)": "Hot, humid", "Geochemistry-based climate inference  (hot/cold, humid/semi-arid/desert)": "N/A", "Climate assignment leading evidence": "Charophytes (association is more consistent with a positive fluid balance)", "Climate_Cl": "H", "Weight": "2", "PlateID": "7701", "Sediment-based climate inference (hot/cold, humid/S/desert)": null, "Fossil-based climate inference (hot/cold, humid/S/desert)": null, "Geochemistry-based climate inference  (hot/cold, humid/S/desert)": null, "PaleozonaCodigo": null, "layer": "120.00Ma_point", "path": "C:/Users/Leonardo Bachi/OneDrive/Desktop/ITT_OCEANEON/20_SETEMBRO_TABELA_FINAL/PONTOS_RETIFICADOS/120.00Ma.geojson", "winner": "S", "cluster_size": 41}, "geometry": {"type": "Point", "coordinates": [4.43704266882909, 6.29463770414134]}}, {"type": "Feature", "properties": {"ID": "2893", "Country": "Tunisia", "Basin_Sub_": "Chotts-Gafsa", "Group": "N/A", "Formation": "Sidi A?h", "Member": "lower unit", "Well name/ outcrop": "Chotts Range", "Latitude": "34.034", "Longitude": "9.72", "Dating evidence": "Biostratigraphy: Clam shrimp", "REF(Authors, Year)": "Ben Ali etal. 2018", "Show_on_Ma": "120", "Lithology, structures, paleowind": "Fine to medium grained sandstones interbedded with siltstones layers and varved laminated claystone", "Paleoenvironment": "Coastal: estuarine system", "REF (Authors, Year)": "Ben Ali etal. 2018", "Fossil occurrences": "Fishes: Cladocyclus sp., Chanoidei sp,Osteoglossiform sp.;  Conchostracans, conifera plant remains", "REF (Authors, Year)_1": "Ben Ali etal. 2018", "Geochemistry data": "N/A", "REF (Authors, Year)_2": "N/A", "Sediment-based climate inference (hot/cold, humid/semi-arid/desert)": "N/A", "Fossil-based climate inference (hot/cold, humid/semi-arid/desert)": "humid", "Geochemistry-based climate inference  (hot/cold, humid/semi-arid/desert)": "N/A", "Climate assignment leading evidence": "Estuarine system with no evidence of evaporitic and/or carbonate deposits.", "Climate_Cl": "H", "Weight": "3", "PlateID": "7701", "Sediment-based climate inference (hot/cold, humid/S/desert)": null, "Fossil-based climate inference (hot/cold, humid/S/desert)": null, "Geochemistry-based climate inference  (hot/cold, humid/S/desert)": null, "PaleozonaCodigo": null, "layer": "120.00Ma_point", "path": "C:/Users/Leonardo Bachi/OneDrive/Desktop/ITT_OCEANEON/20_SETEMBRO_TABELA_FINAL/PONTOS_RETIFICADOS/120.00Ma.geojson", "winner": "S", "cluster_size": 41}, "geometry": {"type": "Point", "coordinates": [4.456931545247246, 5.10412916498559]}}, {"type": "Feature", "properties": {"ID": "2894", "Country": "Tunisia", "Basin_Sub_": "Chotts-Gafsa", "Group": "N/A", "Formation": "Sidi A?h", "Member": "upper unit", "Well name/ outcrop": "Chotts Range", "Latitude": "34.034", "Longitude": "9.72", "Dating evidence": "Biostratigraphy: Clam shrimp", "REF(Authors, Year)": "Ben Ali etal. 2018", "Show_on_Ma": "120", "Lithology, structures, paleowind": "Fine to medium grained sandstones with wave ripples interbedded with siltstones layers.", "Paleoenvironment": "Coastal: estuarine system", "REF (Authors, Year)": "Ben Ali etal. 2018", "Fossil occurrences": "bioturbation", "REF (Authors, Year)_1": "Ben Ali etal. 2018", "Geochemistry data": "N/A", "REF (Authors, Year)_2": "N/A", "Sediment-based climate inference (hot/cold, humid/semi-arid/desert)": "N/A", "Fossil-based climate inference (hot/cold, humid/semi-arid/desert)": "hot, humid", "Geochemistry-based climate inference  (hot/cold, humid/semi-arid/desert)": "N/A", "Climate assignment leading evidence": "Estuarine system with no evidence of evaporitic and/or carbonate deposits.", "Climate_Cl": "H", "Weight": "3", "PlateID": "715", "Sediment-based climate inference (hot/cold, humid/S/desert)": null, "Fossil-based climate inference (hot/cold, humid/S/desert)": null, "Geochemistry-based climate inference  (hot/cold, humid/S/desert)": null, "PaleozonaCodigo": null, "layer": "120.00Ma_point", "path": "C:/Users/Leonardo Bachi/OneDrive/Desktop/ITT_OCEANEON/20_SETEMBRO_TABELA_FINAL/PONTOS_RETIFICADOS/120.00Ma.geojson", "winner": "S", "cluster_size": 41}, "geometry": {"type": "Point", "coordinates": [4.456931545247246, 5.10412916498559]}}]}